id,Domain,Status,Attractiveness,Demand,Length,Registrar,Created,Expires
ca405278-8c0f-4c38-b391-c23c6e8b620c,research.accountant,premium,92,37,8,,,
ebc95c7a-bb9c-4f0a-a78f-e246064b56b3,research.accountants,available,92,37,8,,,
90fe7b75-d53d-4175-8e0c-4abc4fc0a208,research.actor,available,92,37,8,,,
efe2e1a2-9dd2-4077-a2ef-3ad7e8bf4e2b,research.adult,available,92,37,8,,,
0fc91691-9c41-4423-97dc-febf755b640b,research.ag,resell,92,37,8,"Sav.com, LLC",13/02/2025 09:10,13/02/2026 09:10
2581944d-9922-4a95-8776-be99597fd940,research.airforce,available,92,37,8,,,
b9f67457-2817-4626-8e22-451baef23ab0,research.asia,premium,92,37,8,,,
27b41d03-f319-4e3c-b311-d1109d53a37b,research.associates,premium,92,37,8,,,
d64f9afd-19a8-43cf-bdb7-a1753c7c82d7,research.attorney,premium,92,37,8,,,
5f2926d3-3c28-4641-8eed-35e03f6022f2,research.auction,available,92,37,8,,,
a8836d6d-12c0-46ba-817b-7767b676bee6,research.audio,available,92,37,8,,,
62003301-16f1-42c2-bdd4-1ac56d57cfdd,research.auto,available,92,37,8,,,
9b6a59f2-10e5-47ce-9454-e8faa6fbe17a,research.autos,resell,92,37,8,"Spaceship, Inc.",26/08/2023 12:16,26/08/2026 23:59
d84d9872-13b6-4663-9a59-8e074d8ef907,research.band,available,92,37,8,,,
58731f41-5548-4088-b52d-c1935c5b2f5e,research.bar,premium,92,37,8,,,
ec42d63e-1e09-479c-a483-3632479fbce8,research.bargains,available,92,37,8,,,
84a81cbb-d0e3-4738-b35d-d0c99f034115,research.bayern,available,92,37,8,,,
39d4f0b4-a2da-4cae-9d37-3cc3f3e75f73,research.berlin,available,92,37,8,,,
de3869cb-b743-4e08-a931-8784ac47447e,research.best,premium,92,37,8,,,
697b8a2d-2327-41e0-9287-f8f3455d365c,research.bid,premium,92,37,8,,,
e32f9146-b13b-43d7-b7d3-eea5cae5f293,research.bingo,available,92,37,8,,,
27fe8a0f-8a2a-4e79-96ea-2a6c2bf793d3,research.blackfriday,available,92,37,8,,,
8e37dc1e-c4d6-4712-8a66-d4fffabd9654,research.blog,premium,92,37,8,,,
17ea8efc-57d1-4bc9-8a2b-097a302fa0f8,research.blue,resell,92,37,8,"Sav.com, LLC - 31",23/07/2025 15:15,23/07/2026 15:15
527baad3-d65d-4074-8438-938aa63b9133,research.boats,available,92,37,8,,,
60440603-bb15-4872-9294-277290eba757,research.bond,premium,92,37,8,,,
10d32ae6-bc33-4ae3-bb8c-2e71cee7039c,research.boo,premium,92,37,8,,,
0dd3bdf9-3ca6-46cd-a57f-4e713106f62d,research.boston,premium,92,37,8,,,
557afc6c-2428-430e-8441-25b8d4f74ca0,research.build,premium,92,37,8,,,
9393eee0-ad0f-455b-be49-0f6ae2b04b09,research.builders,premium,92,37,8,,,
b87a5741-3715-43db-8180-928bbe209cb3,research.buzz,premium,92,37,8,,,
e285bb38-84a0-4d20-bd8c-fb6d6c77c58b,research.cam,resell,92,37,8,"Porkbun, LLC",17/01/2025 08:42,17/01/2026 23:59
7125b901-9a52-4753-98e1-9e5de7795ed8,research.camera,available,92,37,8,,,
54bb0020-f581-4621-97a0-341cbe9dd143,research.car,available,92,37,8,,,
628cbdc4-8273-4fec-9a33-c185b0795246,research.cards,premium,92,37,8,,,
d464a72f-f91a-4c62-965e-6431cfb799f0,research.cars,available,92,37,8,,,
7bdd5085-4009-4ef5-8a9c-518bbed3a989,research.casa,premium,92,37,8,,,
34f08d93-2f3d-46a9-88cf-b581ddd88a5e,research.casino,available,92,37,8,,,
65ff2ee3-9d63-4d97-9ae1-a8001981b970,research.catering,available,92,37,8,,,
edefb004-b4d5-4168-8eb5-bff1388327e8,research.ceo,premium,92,37,8,,,
9be78bc1-b70b-443e-b7fd-130fd921822f,research.cfd,premium,92,37,8,,,
52683b66-63b5-415f-8575-bb64bcde6042,research.charity,available,92,37,8,,,
a773cca3-4fe4-4b3c-bb4f-da6d0734b01c,research.cheap,available,92,37,8,,,
a67eb7f4-fc58-4415-966e-e9792a09364b,research.christmas,available,92,37,8,,,
d56b22f0-b955-42d3-a146-ccd63f1fc977,research.city,expiring,92,37,8,"Chengdu West Dimension Digital Technology Co., Ltd.",03/01/2017 15:44,03/01/2026 15:44
166533f3-b267-4bb6-bbc2-9163cbbddbe2,research.cleaning,available,92,37,8,,,
0645e2e1-5450-4d78-b2fb-2819b91bdc9e,research.click,resell,92,37,8,Porkbun LLC,13/07/2020 15:44,13/07/2026 15:44
f3ebb46b-1843-4037-a79f-d9374e242182,research.clothing,available,92,37,8,,,
83b6442e-8317-4fc6-9f98-949cea03389f,research.cloud,premium,92,37,8,,,
da2e3e40-c5d1-4309-a54d-b7a5e83bc669,research.codes,resell,92,37,8,"Sav.com, LLC",08/11/2024 17:18,08/11/2026 17:18
ad97ef93-193d-4ef0-8d29-31fbced7960b,research.college,premium,92,37,8,,,
b69534ac-ea1d-402f-869e-df23bbc060cf,research.community,resell,92,37,8,"GoDaddy.com, LLC",02/05/2021 08:57,02/05/2026 08:57
50b640b3-edc9-4cc1-9f5b-2df767bce7c9,research.company,resell,92,37,8,"Spaceship, Inc.",28/11/2020 23:50,28/11/2026 23:50
93b7f1d6-ce5f-4e76-812f-3cfe98465eab,research.condos,available,92,37,8,,,
dfb510ae-f682-4fd6-b685-b485e37a3a4c,research.contractors,premium,92,37,8,,,
e91f5985-73fe-4b24-acdc-ac459f7f83ce,research.cooking,premium,92,37,8,,,
0cb537c6-a9ba-41d1-8d52-38100721d8be,research.country,available,92,37,8,,,
59ea25ca-be30-48fd-8397-fc3442057b28,research.coupons,available,92,37,8,,,
afb9da84-e7b2-4347-beed-8e4fbc16132a,research.courses,premium,92,37,8,,,
4e272618-a4f0-4814-b31b-10f4a498dcfe,research.creditcard,available,92,37,8,,,
bff99943-8e17-4cb9-b40a-a28190559780,research.cruises,available,92,37,8,,,
4af5079f-dd45-4d1c-b03b-705d2c909eba,research.cyou,premium,92,37,8,,,
a3ecd07f-4643-4c0c-97d2-053c75eab77a,research.dad,premium,92,37,8,,,
2f26f294-498f-4129-9033-1f7340391da4,research.date,premium,92,37,8,,,
75b0433f-5046-4f4a-b981-de5058b41341,research.dating,available,92,37,8,,,
99e6d00c-96c8-46c9-9c2f-58d0a91a5009,research.day,premium,92,37,8,,,
bbe9fe5d-1639-47bd-9cad-0c1fe5d18f88,research.deal,premium,92,37,8,,,
1ca05d25-4d81-49ea-ae2f-44ec0cfc4683,research.dealer,premium,92,37,8,,,
c7778668-6f81-4658-8fde-168f60246d9d,research.deals,available,92,37,8,,,
a90aa13d-1340-481a-95c1-810dc6baa3a3,research.degree,premium,92,37,8,,,
95b32e88-c665-42c6-86b5-f49176f29da1,research.democrat,available,92,37,8,,,
ab8cd116-5bce-4ed7-8a57-dd6ec07b5a14,research.dentist,premium,92,37,8,,,
dfde2951-f9e9-4068-ae14-84c0125fac8f,research.dev,premium,92,37,8,,,
0a9e0db3-93db-410c-98b3-7c810d2fd65e,research.diamonds,available,92,37,8,,,
f9304df3-accc-47d7-a77d-06ba53015b4a,research.diet,available,92,37,8,,,
7f297cdc-ff3f-446d-88d6-701930e8df19,research.directory,resell,92,37,8,Porkbun LLC,22/10/2025 00:03,22/10/2026 00:03
2cb1551e-c418-4f87-a0c5-2cf7bf9af28e,research.discount,available,92,37,8,,,
73ba423f-ef54-4603-9777-650a8759fea0,research.diy,resell,92,37,8,"Spaceship, Inc.",13/11/2025 12:56,13/11/2026 12:56
8d73f8da-a6f2-4bb5-aa7b-3a7ed4783c0d,research.download,premium,92,37,8,,,
dc0f25a0-9ffd-4158-a2df-45232ca76ce3,research.energy,premium,92,37,8,,,
68707912-46ec-41f5-bc2c-eebf48cc00a4,research.esq,premium,92,37,8,,,
e0887f96-c580-4627-905c-2532f494637f,research.estate,available,92,37,8,,,
8b832c73-f433-4e41-8fc7-ff034fd7eff5,research.events,premium,92,37,8,,,
3f514a27-c497-4c02-aea8-d2e40d85c84f,research.exposed,premium,92,37,8,,,
cfc2488f-19df-4b2c-b163-441ff3cd97d9,research.express,resell,92,37,8,Porkbun LLC,06/09/2021 18:35,06/09/2026 18:35
e6670e1b-28fb-42f0-a92d-1ca8e59de0c0,research.fail,available,92,37,8,,,
123feee7-1e27-4bd3-818e-8618e1391d17,research.faith,available,92,37,8,,,
890e8a73-fdd1-4c31-a68c-ff533a00b150,research.family,premium,92,37,8,,,
4fbf5f7e-9a9e-4e8c-af9b-96bb126d11f9,research.fan,premium,92,37,8,,,
b651f0e5-a2ee-4016-83d4-64cd52a12ab8,research.fans,premium,92,37,8,,,
ceb058a9-7413-4a4a-94a9-690b234b83ff,research.fashion,premium,92,37,8,,,
5d6396d3-597c-41aa-9554-36c2f14a0094,research.film,premium,92,37,8,,,
d1088d77-2947-47d9-8790-69199d3d6fb0,research.finance,resell,92,37,8,Porkbun LLC,12/06/2021 01:12,12/06/2026 01:12
22eaad8f-8949-4562-b1a3-dad8f00b6110,research.financial,premium,92,37,8,,,
2eb6c773-9e4d-4b5e-b832-6a23530ccc7c,research.fishing,premium,92,37,8,,,
1d1502e9-0205-4b07-b173-a26c50c6c453,research.fit,resell,92,37,8,"Chengdu West Dimension Digital Technology Co., Ltd.",08/01/2023 10:23,08/01/2029 10:23
0bdc2404-0c9c-4b12-b2fc-08a99cdedc62,research.fitness,resell,92,37,8,Porkbun LLC,10/04/2024 15:15,10/04/2026 15:15
ebae17d4-d56a-41f8-8d14-5b35a8909064,research.flights,available,92,37,8,,,
36130156-3e49-4713-ad47-3136f38b4903,research.florist,available,92,37,8,,,
319619fd-21c0-47a2-9835-210a5daddbc2,research.flowers,available,92,37,8,,,
31dece2c-a105-49c4-88f9-98361bf4eaa2,research.foo,premium,92,37,8,,,
8482da52-7ac7-4d66-9aa9-e94dd69725f9,research.football,available,92,37,8,,,
8026a517-8d3f-4062-acd1-13e0831e1fd8,research.forsale,expiring,92,37,8,"NameCheap, Inc.",16/12/2024 21:24,16/12/2025 21:24
63ec4320-f022-4c35-aaaa-4354acacd756,research.free,premium,92,37,8,,,
7343e36c-0ec6-4ff5-a176-9953c4a64c7a,research.furniture,available,92,37,8,,,
5fd5ce63-3b57-451b-af3e-fa4e445017c1,research.futbol,available,92,37,8,,,
9abe1938-a8a0-4b48-80f3-745c0dac240d,research.fyi,resell,92,37,8,"Chengdu West Dimension Digital Technology Co., Ltd.",28/04/2023 15:15,28/04/2030 15:15
c577e1fc-4ad4-400d-b40b-abaff808d6a2,research.game,available,92,37,8,,,
5b4aded9-4f5a-40e1-9cdd-551c1b2f99f8,research.gg,resell,92,37,8,Sav.com LLC (https://www.sav.com),,
247187aa-c68f-4d9b-934a-8c359cf249fa,research.gift,available,92,37,8,,,
13dbbf43-c534-4900-b587-47e10b606369,research.gifts,available,92,37,8,,,
3c7d8c32-10f8-4ab8-9f88-82e132c3e2ce,research.gives,available,92,37,8,,,
e6d2ba46-0d59-4328-ac5f-07036627594c,research.giving,available,92,37,8,,,
cb967e82-25f2-456a-b14b-08edadeab0b7,research.glass,available,92,37,8,,,
9d82a660-04f0-43e7-8a5c-6850d82be9e9,research.gmbh,available,92,37,8,,,
57c6f922-915e-471e-8813-c87d6d8fe267,research.golf,expired,92,37,8,"Sav.com, LLC",03/10/2024 22:44,03/10/2025 22:44
3de8d54e-d8a8-459f-a5b8-37f3b20abc06,research.graphics,available,92,37,8,,,
f8ed8f4a-e725-4232-beb1-6cdcc878e4f9,research.gratis,available,92,37,8,,,
96999502-c2f1-4daa-b3a4-3d2e1553b74a,research.green,premium,92,37,8,,,
10518b98-e4b0-42e9-90b9-d86229de366d,research.gripe,available,92,37,8,,,
f133c318-c7d8-4437-af29-7f545560dcf6,research.guitars,available,92,37,8,,,
fc6031f1-c793-42b6-a0f7-fc162cb9de89,research.healthcare,expiring,92,37,8,"GoDaddy.com, LLC",01/01/2018 11:09,01/01/2026 11:09
9c210344-e7d8-434e-9571-351fb9239a56,research.hiphop,premium,92,37,8,,,
373ec5f4-03ee-4f58-ba6d-48eeb133beb1,research.hiv,premium,92,37,8,,,
d521194a-2697-4ea7-9d14-7c016b0fa0c5,research.hockey,available,92,37,8,,,
6c7547d9-a36c-4444-85bd-29747629325a,research.holdings,premium,92,37,8,,,
aafe62db-29b6-4815-a826-9b2164672e78,research.holiday,available,92,37,8,,,
82867fca-4797-49ad-82b1-618d7a490820,research.homes,resell,92,37,8,Dynadot LLC,30/06/2023 16:24,30/06/2030 23:59
ec7b8f0e-0dff-4049-abc6-3d64536b9dba,research.hospital,resell,92,37,8,"Sav.com, LLC - 44",20/06/2025 15:15,20/06/2026 15:15
f0d141b6-2aec-4789-a113-89f96b75dd5d,research.host,premium,92,37,8,,,
d9c6392f-d21a-4012-a348-45dc4001093a,research.hosting,available,92,37,8,,,
09e708c6-2abe-47a6-bb43-a9394e93ccaf,research.hot,premium,92,37,8,,,
8466f4f4-b1be-44e5-b33f-deea19010e32,research.house,premium,92,37,8,,,
fb947607-a1b6-4874-9915-a8ebaec8a39d,research.im,premium,92,37,8,,,
099fc005-b798-490f-8298-15c92ce7e848,research.immo,expiring,92,37,8,"Key-Systems, LLC",04/01/2024 15:59,04/01/2026 15:59
a57e792a-74cf-4feb-a7a5-2e0f31e1c068,research.immobilien,available,92,37,8,,,
276bf0a4-a234-4464-b5ef-6eb450019c6f,research.industries,premium,92,37,8,,,
4ea2d0cf-1ae1-4ab2-9d4a-9e663cb19c1e,research.ink,resell,92,37,8,"Sav.com, LLC - 6",15/05/2025 00:00,15/05/2026 00:00
7cee396d-1dc3-4499-b797-b9a05028318a,research.insure,available,92,37,8,,,
cad49796-906f-408c-994b-c09cf41c0db5,research.investments,premium,92,37,8,,,
38d8c23d-0f60-4151-b399-af6af89857b9,research.io,sold,92,37,8,Key-Systems GmbH,13/07/2010 22:47,13/07/2026 22:47
00606c46-efb9-4e5e-a540-54ab1ed6a16e,research.it,expiring,92,37,8,,28/12/2016 09:00,28/12/2025 00:00
62b437e3-33d3-4791-b483-01398bf9f9a3,research.jetzt,available,92,37,8,,,
9fe43b49-53e6-4241-a5da-275d446b1a34,research.jewelry,available,92,37,8,,,
c3dabf2e-5529-4a71-aa08-ca06d1ff45aa,research.juegos,available,92,37,8,,,
b96e7a5e-5d93-46e7-b8ac-177aeffee4be,research.kaufen,available,92,37,8,,,
b0910485-50f5-400b-b917-9786721912d4,research.kids,premium,92,37,8,,,
04be0334-050d-44cc-a32d-a35fcba73a33,research.kitchen,available,92,37,8,,,
6782b079-2310-4843-b602-142b224cceb4,research.land,resell,92,37,8,Porkbun LLC,28/07/2021 17:40,28/07/2026 17:40
f2e79ea0-b9d3-4149-b01d-ad6322fc5359,research.lat,expiring,92,37,8,Namecheap,28/12/2024 11:27,28/12/2025 23:59
9433ba19-7051-47c0-ab87-e72a2440a039,research.lawyer,premium,92,37,8,,,
6e8d8607-63c2-492d-a1e7-0f5f4cb9d3ce,research.lease,available,92,37,8,,,
fdb4015a-24eb-4673-b297-8c7fe234545f,research.lgbt,premium,92,37,8,,,
ac5574ff-6106-47c1-bf47-f4930237cb92,research.life,resell,92,37,8,"Spaceship, Inc.",01/04/2021 23:44,01/04/2026 23:44
055378f8-6623-473d-abd2-211e55ac0a34,research.lifestyle,available,92,37,8,,,
f3c5526f-7d1f-4657-ac62-52b949936724,research.limo,available,92,37,8,,,
3ed4d6da-f0c9-4ab5-bf26-69553c9bdf5a,research.live,resell,92,37,8,"Xiamen ChinaSource Internet Service Co., Ltd",28/10/2015 17:00,28/10/2026 17:00
7a35505f-6c47-4a5e-8248-07a4a7f7c731,research.living,available,92,37,8,,,
3586c669-3de7-4fdf-9dd1-6631986dfd40,research.llc,premium,92,37,8,,,
67482232-a74f-4423-a6bd-561d6b3eb9a7,research.loan,premium,92,37,8,,,
10ac2980-537c-4f3e-9cf2-d8452a80eddd,research.loans,available,92,37,8,,,
a2d48c6c-5337-4218-97f6-e696445a34ae,research.locker,premium,92,37,8,,,
03faeb6a-9be5-4c73-a97b-decb26d13c08,research.london,resell,92,37,8,"Go Daddy, LLC",27/09/2017 16:39,27/09/2027 23:59
5c37bae6-f51d-4084-9eca-b65d587900f2,research.love,resell,92,37,8,Porkbun LLC,16/04/2019 12:52,16/04/2026 23:59
37ca28f9-c34c-47c5-a767-e5c186955004,research.ltda,premium,92,37,8,,,
e9153ed1-d40e-4aca-a508-b00f5e0116c8,research.luxe,available,92,37,8,,,
afc1df9e-8ca2-40f3-ae53-4ec322269df4,research.luxury,available,92,37,8,,,
4217dc7a-9c28-4a04-93b9-f0d82f96b3b1,research.maison,available,92,37,8,,,
13bd8697-be2e-4dcc-b7da-1b13ac08208b,research.makeup,resell,92,37,8,"Xiamen ChinaSource Internet Service Co., Ltd",01/08/2025 08:45,01/08/2026 23:59
0a08a318-d513-4b69-92ad-f21450caaecf,research.management,premium,92,37,8,,,
7d00515f-0e07-434b-8d12-c74daf127e79,research.me,sold,92,37,8,"GoDaddy.com, LLC",10/07/2008 03:30,10/07/2026 03:30
8c7ba543-2a06-426d-8a85-e36c8029cd3e,research.media,resell,92,37,8,"Chengdu West Dimension Digital Technology Co., Ltd.",11/10/2019 22:53,11/10/2026 22:53
48274219-9d43-4e0f-8daf-d2a8c75ff53c,research.melbourne,premium,92,37,8,,,
5dcaaf0f-9b1a-4ca9-be90-72f814e1045d,research.meme,premium,92,37,8,,,
70a3d87c-bb84-4937-bf7d-5704a33cfc21,research.memorial,available,92,37,8,,,
492a9a5b-baf7-47d7-8c37-634baca0bbac,research.men,premium,92,37,8,,,
c173de90-1259-4286-b63a-4efc83f45879,research.menu,resell,92,37,8,"Blue Razor Domains, LLC",17/03/2014 15:00,17/03/2026 15:00
33819e55-3535-48b9-a1df-e7059911f652,research.mobi,premium,92,37,8,,,
18cff644-41e6-4e5b-9444-dcd1e5b49457,research.moda,available,92,37,8,,,
38fb731d-ac64-41ac-9436-acb86d535209,research.money,premium,92,37,8,,,
36dd4919-9d3e-4560-a748-e104fc242489,research.monster,resell,92,37,8,"Spaceship, Inc.",15/06/2025 21:52,15/06/2026 23:59
f8180a11-0ea3-4334-9bdd-502676d00ac1,research.mortgage,premium,92,37,8,,,
a3929871-3d09-4982-b16b-13189541470c,research.motorcycles,available,92,37,8,,,
f395de28-8d0f-4067-86a2-ff4d1f83f101,research.mov,premium,92,37,8,,,
066b27cc-b188-4f55-a924-9821c40cad7f,research.movie,available,92,37,8,,,
38ed79a2-9fb3-4db7-91bb-953b123cfa44,research.music,premium,92,37,8,,,
b64528e5-d2ef-4d44-add5-4dae3fe4a0ee,research.mx,resell,92,37,8,Porkbun LLC,30/06/2024 00:00,30/06/2026 00:00
cd6eeeba-6b4c-4ea1-8ff0-3601a655a293,research.navy,premium,92,37,8,,,
9dbf0722-030d-474f-b7ca-468805735f9d,research.ngo,available,92,37,8,,,
cc59ef70-bc90-4041-b1bf-4d0b62750093,research.ninja,resell,92,37,8,"Network Solutions, LLC",01/12/2024 17:21,01/12/2025 17:21
2c1011c8-0567-46a5-b76a-860caa0cafc0,research.nyc,premium,92,37,8,,,
59464bd7-e082-40e0-bdfd-ebf813359cca,research.observer,premium,92,37,8,,,
cdcd87ff-c327-4e3e-a95e-20f49d4eadfc,research.ong,available,92,37,8,,,
050657d5-c65f-4437-b7dd-ccc09173824e,research.online,premium,92,37,8,,,
cbc263c8-e74a-436a-b8fb-086dac222a8a,research.organic,available,92,37,8,,,
e5e0af5a-5bde-4d43-9fb9-2fad5d0f45d2,research.osaka,premium,92,37,8,,,
7a5f4dc0-fd96-4c16-a706-bd896a92f932,research.page,premium,92,37,8,,,
ff29e1ee-f6cf-430b-8201-7ee81e47d311,research.partners,premium,92,37,8,,,
2ad9cd39-7c48-4d47-9b0c-7c28db6d9c4c,research.parts,available,92,37,8,,,
8be8361e-797f-47b6-a80f-b43ebb74ba58,research.party,premium,92,37,8,,,
8dac3e13-8992-41b6-8069-9f7fba5fe1f9,research.pet,resell,92,37,8,"Spaceship, Inc.",17/09/2018 17:19,17/09/2026 17:19
6d403b06-76cf-410f-a400-780c72ca4ff6,research.phd,premium,92,37,8,,,
b5c3c20f-2466-4c1a-8e9d-a16c0f375785,research.photo,premium,92,37,8,,,
2a995093-981e-4439-b9a9-7fd89f139d1d,research.photography,available,92,37,8,,,
a38a0f98-3621-4ec0-800b-687ac1d02d81,research.photos,available,92,37,8,,,
abb5bf8e-534f-4a55-8d49-6f7e769da682,research.pictures,available,92,37,8,,,
e6afeb61-b95e-4e99-96d8-872a4dbfb635,research.pink,available,92,37,8,,,
119d7238-062d-4229-8ea9-4d880a17987e,research.pizza,available,92,37,8,,,
0db06c52-1579-4867-9599-0081c1954b16,research.place,resell,92,37,8,Porkbun LLC,22/07/2023 15:15,22/07/2026 15:15
48d370f1-7366-45d5-846c-214996a4a449,research.poker,available,92,37,8,,,
1225e2aa-0368-4895-af30-915c3031f57a,research.press,premium,92,37,8,,,
14819b6f-2661-4bb4-a6b2-a6d4b3dabda0,research.pro,resell,92,37,8,Registrar of Domain Names REG.RU LLC,10/05/2022 13:15,10/05/2026 13:15
d7e85611-a4df-433d-909c-e1687efb0601,research.productions,premium,92,37,8,,,
1e5b1e1d-de6a-43c3-98fe-5f6dbd4ea55b,research.prof,premium,92,37,8,,,
e7b552ae-9f26-4135-9e80-775b446e50ca,research.promo,premium,92,37,8,,,
3de93872-f60d-4341-95ae-78e1b5ebdb40,research.properties,premium,92,37,8,,,
008841aa-8a53-4d9d-ac69-e9a7360d9b86,research.property,premium,92,37,8,,,
a86e4fa8-50c9-4cd0-969f-041a0b29f9b5,research.protection,available,92,37,8,,,
1f3e0b52-d3f7-4a94-bbd6-dc88accff02a,research.pub,resell,92,37,8,"Xiamen ChinaSource Internet Service Co., Ltd",06/12/2023 15:15,06/12/2026 15:15
7760b124-26a2-4e32-9f2a-70392527f952,research.pw,premium,92,37,8,,,
3d93aed4-333a-492c-9b98-8034dce48240,research.qpon,available,92,37,8,,,
58886af1-844d-4dad-9a7a-502677533438,research.racing,premium,92,37,8,,,
6bd2e847-d64a-4642-a7be-79b117c14879,research.realty,premium,92,37,8,,,
91eae53b-06a8-4dc9-82eb-cfba30dd566e,research.red,expired,92,37,8,"GoDaddy.com, LLC",23/10/2023 19:36,23/10/2025 19:36
b50e8db3-09c8-492e-a50d-734d95168b76,research.rehab,available,92,37,8,,,
922ed8f3-689c-44fe-8c73-9f0de4bea460,research.reise,available,92,37,8,,,
002086a9-8a56-4dec-86bc-5d806543a1ee,research.rent,available,92,37,8,,,
d5550b2c-dd33-4de2-bdd8-d6e77c9c7501,research.rentals,available,92,37,8,,,
009d3c01-db4e-4c95-a660-c3f78393093f,research.repair,available,92,37,8,,,
b722c78e-6be3-4719-b4ac-4b4ccbbeb544,research.republican,available,92,37,8,,,
058de5cb-f249-45bc-bbb7-ffa46c1f1332,research.restaurant,available,92,37,8,,,
c63d784f-978b-417e-a025-b5997580b0e5,research.rich,available,92,37,8,,,
6afe738c-0249-4579-97a8-a1e532cd1f56,research.rodeo,available,92,37,8,,,
bb56d85e-5acf-4291-968f-aee1bc02fad4,research.rsvp,premium,92,37,8,,,
bb9d2e23-0a82-4d86-abf6-3dc3d16474bd,research.run,resell,92,37,8,"DNSPod, Inc.",16/11/2019 23:57,16/11/2026 23:57
6c858f55-61f0-4b03-a71f-cf83abf2b8f4,research.sale,premium,92,37,8,,,
2dd9e11c-7f1a-42c9-83b4-409283d7ff48,research.salon,available,92,37,8,,,
8b339ada-65ae-4c85-940b-5f979734c7ee,research.sarl,available,92,37,8,,,
42ae738e-a36e-492b-8ed3-fcd4371451c2,research.sbs,premium,92,37,8,,,
edf9bc07-e415-4822-b88f-d5859c7913dc,research.school,resell,92,37,8,"GoDaddy.com, LLC",14/11/2022 19:50,14/11/2026 19:50
0f8787fe-2383-4c9c-90b1-a9fb4bece5c1,research.schule,available,92,37,8,,,
30c7c228-3f8e-406c-9465-12e4f67a6307,research.science,premium,92,37,8,,,
9ea1605c-693c-457a-a648-787be9f6b858,research.security,available,92,37,8,,,
8ee7573d-f93d-491a-9e6d-9e27f8b86d3e,research.services,expired,92,37,8,"NameCheap, Inc.",24/09/2016 12:25,24/09/2025 12:25
4d5484b3-0d02-4808-9600-bcbeadbf5fce,research.sexy,available,92,37,8,,,
3cdd5f33-521b-48d1-a951-1435860248c7,research.shiksha,premium,92,37,8,,,
c05831a7-4f10-4032-8463-7975e59148e9,research.shoes,available,92,37,8,,,
b4ec1afd-182a-4e65-8d55-9887e4b265a4,research.shopping,resell,92,37,8,Alibaba Cloud Computing Ltd. d/b/a HiChina (www.net.cn),15/07/2023 15:15,15/07/2026 15:15
0397ca7f-cd3d-450e-bb66-4bc2fab3cfab,research.show,resell,92,37,8,"Chengdu West Dimension Digital Technology Co., Ltd.",05/02/2023 15:15,05/02/2026 15:15
35c4df25-d92a-422f-adcb-020713dc02e8,research.singles,available,92,37,8,,,
083c9857-2fa6-4ac8-8d20-760a82780506,research.site,premium,92,37,8,,,
bf77f478-6b23-4440-981d-3246b1c8daff,research.ski,premium,92,37,8,,,
8c500e09-fbf3-4823-a3b6-903757480bfa,research.soccer,available,92,37,8,,,
10049f34-0509-4de2-92cd-d7b7aa2fed5a,research.solar,premium,92,37,8,,,
57bb13aa-ce7a-4b59-a257-9f31ed27f773,research.soy,premium,92,37,8,,,
fa35be6d-4882-4009-89e8-244a4b9f1ca0,research.space,premium,92,37,8,,,
a5b562a0-b942-4439-afe7-9b2f8305d35f,research.spot,premium,92,37,8,,,
48aa5c86-389d-4101-a302-fd43edfb7049,research.srl,available,92,37,8,,,
e76a20d2-a837-46a2-bd6d-ab5361afaefd,research.storage,available,92,37,8,,,
be186d93-2b86-4300-8ba0-1e18ea014a5b,research.store,premium,92,37,8,,,
c646a59a-3a59-41c5-a598-627d171a7565,research.stream,premium,92,37,8,,,
6882d252-8aaa-4609-bf05-c8e82187cdb9,research.studio,resell,92,37,8,"GoDaddy.com, LLC",04/02/2024 11:47,04/02/2026 11:47
d5948dbd-31ef-4c38-a1ea-a571de59a8d1,research.style,resell,92,37,8,"Sav.com, LLC - 40",17/02/2025 15:15,17/02/2026 15:15
742c945e-18f8-453f-b128-cd2b111fa19e,research.sucks,premium,92,37,8,,,
6a6cddfa-e450-4aa3-a06c-18492ef1577b,research.surf,available,92,37,8,,,
356e0947-fc09-47b2-9d50-16e05e5d379e,research.sydney,premium,92,37,8,,,
a96d8294-c97c-4e68-b523-b34fd97364ab,research.talk,premium,92,37,8,,,
f13f38a2-bf9e-4e1b-aad5-214824ac7def,research.tattoo,available,92,37,8,,,
4f708bc9-1ee8-4ce1-9913-6125068c7570,research.taxi,available,92,37,8,,,
53a0f47b-1f84-4482-bf07-9ed9995813d3,research.tech,sold,92,37,8,OVH,07/09/2025 11:52,07/09/2026 23:59
df35c679-defc-4c65-b1ba-d5ebbe5d0ca1,research.tel,premium,92,37,8,,,
b6d98dc9-7295-4bbf-bf3a-ea0cd01a89b1,research.tennis,available,92,37,8,,,
8767c976-cc8f-4a30-948f-825239c73720,research.theater,available,92,37,8,,,
7594a1a6-b4f1-4933-b073-99babae121e4,research.theatre,available,92,37,8,,,
cda553bc-e042-4b1b-ad56-28f3ece95710,research.tickets,available,92,37,8,,,
0a65582f-6859-40fa-99dd-57276ffbd48c,research.tienda,available,92,37,8,,,
53d3d64a-8cfd-4ebd-bf74-e9151bde5b8c,research.tires,available,92,37,8,,,
66c15e7f-4327-4a2f-b7ec-a502c1f03e22,research.town,premium,92,37,8,,,
04aa18ee-50d1-42f9-a937-69d00904a26b,research.toys,available,92,37,8,,,
02ff6f67-a950-4b70-8b12-e8ce3ac47bd4,research.training,resell,92,37,8,Porkbun LLC,03/08/2022 13:15,03/08/2026 13:15
e6858af5-d958-4470-8320-667c4c4593be,research.tube,premium,92,37,8,,,
05517ce4-22a4-4e0a-8e97-a8cabdd1381e,research.tv,premium,92,37,8,,,
51568a2e-d361-44fe-97b1-b24daea3ecf7,research.uno,premium,92,37,8,,,
fa8edaa1-1d23-4e0e-9d1a-cb5c6154189b,research.us,resell,92,37,8,Dynadot Inc,08/07/2018 00:08,08/07/2026 00:08
3f6d89c9-5592-4cc9-abd0-1d8e1edf9af6,research.vacations,available,92,37,8,,,
765a147f-0a7f-4774-95e3-2e06a5fc7cec,research.vana,available,92,37,8,,,
f2948b61-e514-44b9-ae91-6e50969fb9ef,research.vc,premium,92,37,8,,,
ba94f2e4-90c2-4007-93db-7eb48c48f0e8,research.vegas,expiring,92,37,8,"GoDaddy.com, LLC",18/12/2014 16:53,18/12/2025 16:53
f153b1f1-5021-42ea-9a81-8c07046d2f3c,research.vet,premium,92,37,8,,,
d253244c-5605-4598-90f1-1d67e318c1c6,research.viajes,available,92,37,8,,,
609cb75a-beec-45dc-bf89-343ba3d37f97,research.villas,available,92,37,8,,,
de03f937-d321-4bc6-a133-7584a9e98451,research.vip,resell,92,37,8,"Chengdu West Dimension Digital Technology Co., Ltd.",14/08/2019 07:00,14/08/2030 07:00
966efa9e-0005-484c-ad38-b8b95bff302f,research.vision,resell,92,37,8,Porkbun LLC,21/08/2024 17:00,21/08/2026 17:00
5819887d-5754-4ee8-887b-b4ae12475309,research.vodka,available,92,37,8,,,
8792e785-bb1b-4616-9dda-263fd1512c96,research.voting,available,92,37,8,,,
4ba87a13-9c24-4252-82e9-2dea964a8b1b,research.voto,available,92,37,8,,,
925faf68-63b2-421b-8293-43d6373d9b20,research.voyage,available,92,37,8,,,
7d0f5b19-2648-4d17-8373-855f04dceb81,research.webcam,premium,92,37,8,,,
3d1a4e7d-e9d6-40b7-b93c-a363bf7f180e,research.website,premium,92,37,8,,,
3c7894b8-7463-4295-a7ff-c50ee197c95a,research.wedding,available,92,37,8,,,
40160645-c03b-4529-97d1-a5632fa9a9f6,research.win,premium,92,37,8,,,
19e0962a-99ef-4f60-9360-4d15516470af,research.work,resell,92,37,8,"GoDaddy.com, LLC",18/08/2018 07:52,18/08/2028 07:52
ce91d0e0-b46f-405d-8505-c604a1632273,research.wtf,resell,92,37,8,"Sav.com, LLC - 26",12/08/2024 15:15,12/08/2026 15:15
7771ec98-d143-4321-bfc5-cee9832ca557,research.xyz,sold,92,37,8,"Name.com, Inc",02/06/2014 16:18,02/06/2027 23:59
b07ca33e-de2f-4afd-b4e8-652cfb22f90f,research.yachts,available,92,37,8,,,
aae9032e-df94-45b1-bac9-e1f2c370d94d,research.you,premium,92,37,8,,,
f8b7dd7d-abd6-4e9a-9fc2-a6007bbc5bc4,research.zip,premium,92,37,8,,,
4ac15525-2e2e-487d-b39a-8e3b54c20f1b,research.zone,resell,92,37,8,"Xiamen ChinaSource Internet Service Co., Ltd",30/07/2025 15:16,30/07/2026 15:16
d6582586-fbbf-4546-b5ff-36057b6634f8,scientific.app,premium,66,84,10,,,
568d511f-e9b6-4bce-86bc-3c965e7aa395,scientific.at,premium,66,84,10,,,
d0ff38d4-5386-462c-ac35-7fb11e691b4e,scientific.cloud,resell,66,84,10,GoDaddy,16/02/2016 15:00,16/02/2026 15:00
298b512f-9ad5-4639-b117-0f86dd23b1d9,scientific.co,resell,66,84,10,"GoDaddy.com, LLC",14/09/2011 09:58,13/09/2025 23:59
4ab593b4-e80f-4733-ac12-b0f5145486b6,scientific.com,resell,66,84,10,"GoDaddy.com, LLC",30/03/1992 05:00,31/03/2026 04:00
15b4de82-815d-4709-ba5a-47eedf0ff63c,scientific.dev,premium,66,84,10,,,
d19b2700-ecd9-4127-9887-49bd1261cbad,scientific.expert,premium,66,84,10,,,
0aa3f9a5-0373-4e64-973c-b29af333d4ce,scientific.gg,available,66,84,10,,,
6a3261a8-8f89-4b21-ba24-8e305298d40e,scientific.ninja,available,66,84,10,,,
0e3ba54f-e536-467b-889a-c44db85e7584,scientific.online,premium,66,84,10,,,
cc226f66-76c4-416a-a319-0c0d62736cd8,scientific.pro,sold,66,84,10,Dynadot Inc,02/01/2021 14:30,02/01/2026 14:30
40a10304-cf5c-429d-a3f5-2dfa379ffea8,scientific.site,premium,66,84,10,,,
ded44659-3de9-4b7e-9166-2e490fcd79f5,scientific.so,available,66,84,10,,,
81134188-4cea-4d89-b424-fda3351d79f3,scientific.xyz,resell,66,84,10,TLD Registrar Solutions Ltd,16/08/2014 08:51,16/08/2025 23:59
7015bd4a-91d0-429b-8fc1-e9910265b74a,scientific.zone,available,66,84,10,,,
e762ee1c-c6aa-41b7-b57a-b791c6906135,analysis.accountants,available,80,18,8,,,
2ac535cb-530f-4b16-8b54-0857f3e2028d,analysis.actor,available,80,18,8,,,
e8b1f1bc-b652-40c1-8b01-f4227d7e4a8f,analysis.adult,available,80,18,8,,,
d17fb4ef-7e98-45a1-89ed-2fb32717d388,analysis.agency,resell,80,18,8,"Sav.com, LLC - 4",13/01/2025 15:15,13/01/2026 15:15
1c1c6865-381a-4991-b271-ab0cd45b337f,analysis.ai,expiring,80,18,8,Marcaria International LLC,16/12/2017 01:22,07/01/2026 01:22
6a478428-617a-480b-a827-ddb85f878079,analysis.airforce,available,80,18,8,,,
66458bf7-632c-4f2c-9ade-bf2a747a1229,analysis.apartments,available,80,18,8,,,
95d28ea3-9c1b-4570-a20f-ce00596f4d5a,analysis.app,resell,80,18,8,Porkbun LLC,05/05/2018 16:00,05/05/2026 16:00
97423082-406c-4510-b05a-9e91189223cd,analysis.archi,available,80,18,8,,,
a2f85d38-939c-48e6-914e-9027ca0a0bf0,analysis.army,available,80,18,8,,,
946e55b4-191e-457c-88a1-94a92ab6332d,analysis.art,premium,80,18,8,,,
74b5bf2e-80e5-4635-92e1-b5281367c2f7,analysis.at,premium,80,18,8,,,
ffd52d0d-d405-491f-b44b-6b8a29c36bfd,analysis.attorney,available,80,18,8,,,
1289f7ea-3de9-4bfa-84a0-c3a52b379fd2,analysis.auction,available,80,18,8,,,
f55d8a37-dbfe-44f3-802d-225cd503fad8,analysis.audio,premium,80,18,8,,,
3b96fae2-0e80-46f3-8f24-2efb286f1c31,analysis.auto,available,80,18,8,,,
c789434e-fe3d-4318-baac-11e41b66f865,analysis.autos,available,80,18,8,,,
63d0000e-8f42-4e5d-acae-a6cc1a608351,analysis.baby,available,80,18,8,,,
6a6c8ad4-b798-4733-a318-dc5cf5e5db9e,analysis.band,available,80,18,8,,,
64f33761-6908-4814-a3bf-1fccd7381c0e,analysis.bar,premium,80,18,8,,,
644437ed-6fb0-4c29-abd0-9139c5e2cdf3,analysis.bargains,available,80,18,8,,,
faa7278b-42d6-46b5-80d9-e1723fbee311,analysis.bayern,available,80,18,8,,,
fe149cc0-f37e-47d7-aa80-ff4bd2fcf984,analysis.beauty,available,80,18,8,,,
ffcb0bc9-1627-4df8-936f-c2e1a2a59a32,analysis.beer,available,80,18,8,,,
11817656-a1f5-4ab5-9f5f-d1247375c073,analysis.berlin,available,80,18,8,,,
e2bddb74-08cd-4ed8-9fef-b52cf6faa3b6,analysis.best,resell,80,18,8,"Sav.com, LLC",09/09/2025 08:26,09/09/2026 23:59
e289c84a-41c9-46ff-a7df-3c8ba3582681,analysis.bike,available,80,18,8,,,
a9a38cb5-d4ff-4e2f-b099-9d7655899587,analysis.bingo,available,80,18,8,,,
b445d965-ed7b-46c1-9ab9-457f71efd688,analysis.biz,resell,80,18,8,"GoDaddy.com, LLC",30/10/2014 17:01,29/10/2026 23:59
b481fd8a-05ed-4143-9852-94a49b9e622a,analysis.black,available,80,18,8,,,
161549c2-2637-4270-8a32-d4a2d53a5165,analysis.blackfriday,available,80,18,8,,,
6fd9e530-00df-4ad6-b112-554f8306cd4a,analysis.blog,premium,80,18,8,,,
084f1106-b828-4deb-bad9-4782cbb913ee,analysis.blue,available,80,18,8,,,
9fa7d277-5c2a-4530-9ad9-8a7f8ccfa475,analysis.boats,available,80,18,8,,,
c4e7f2a9-12f4-4671-bc01-abdeaa17e915,analysis.boo,premium,80,18,8,,,
122e482f-47fa-4b5c-970e-7c9bb6dd6965,analysis.boston,available,80,18,8,,,
69c81321-6333-4b0a-bd1b-6c056f86bbd1,analysis.bot,premium,80,18,8,,,
b39ac42b-3acd-4041-9642-4c7cbdbd53a1,analysis.boutique,available,80,18,8,,,
f40e7e4e-6bdf-492b-986e-e0c037b12c97,analysis.build,premium,80,18,8,,,
3f326c26-4308-47eb-85e6-6f4c6820c970,analysis.builders,available,80,18,8,,,
9caded81-4eef-4d50-ad33-c9310c345c7c,analysis.business,resell,80,18,8,"GoDaddy.com, LLC",27/06/2025 18:33,27/06/2026 18:33
407efa4f-928d-4eb1-9925-a59c2ffe5230,analysis.buzz,premium,80,18,8,,,
1e083aa2-3535-4a0c-945f-5055c2235db1,analysis.bz,available,80,18,8,,,
6d127559-c911-4794-a9d7-ea61a0847a70,analysis.cab,available,80,18,8,,,
fb381884-3117-436b-a3b7-6da4bfff876e,analysis.cafe,available,80,18,8,,,
f93ab17d-b1ab-40cc-82d9-50726e7f3c13,analysis.cam,sold,80,18,8,"Spaceship, Inc.",27/10/2023 18:09,27/10/2026 23:59
c71749e7-6634-44a8-8643-a8e5576704fb,analysis.camera,available,80,18,8,,,
a7da81d9-9895-4f13-9dad-8d5dbbdb8088,analysis.camp,available,80,18,8,,,
82825402-4b48-441b-b3c7-9018e2e2a336,analysis.capital,available,80,18,8,,,
73510bac-fdec-4354-bf7f-c95109701f6f,analysis.car,available,80,18,8,,,
e475fa75-506e-4af7-87d4-258ee4762b9b,analysis.cards,available,80,18,8,,,
0c2c5913-de1c-48a3-8fcb-a0d1fc98113e,analysis.careers,available,80,18,8,,,
0b97392e-6a78-4841-82cb-c14582e6391f,analysis.cars,available,80,18,8,,,
77bf56f9-aa3d-4359-8bf6-3daca87e4df1,analysis.casa,available,80,18,8,,,
29b6205c-626b-4892-9e14-10046bad9963,analysis.catering,available,80,18,8,,,
64f13ffc-7654-489c-99a8-b72df661973e,analysis.cc,resell,80,18,8,"GoDaddy.com, LLC",18/09/2019 08:03,18/09/2026 08:03
8b6eef17-3c9f-4c2b-a6dc-3d74b22e2844,analysis.center,available,80,18,8,,,
b24d86ac-fc92-4500-9bd1-279384062045,analysis.ceo,premium,80,18,8,,,
99fa2c7c-0e7d-4f7a-a9e5-5540415af3d2,analysis.cfd,premium,80,18,8,,,
75d561c0-4d77-4b00-a603-acdccf9b447a,analysis.charity,available,80,18,8,,,
b74e419c-8f34-4adb-a52b-84f00d80ddaa,analysis.chat,resell,80,18,8,"GoDaddy.com, LLC",27/06/2025 18:36,27/06/2026 18:36
eeab5fe1-c005-49c1-bf30-13dc003f6453,analysis.cheap,available,80,18,8,,,
ff9ee9a8-74f4-4828-9db3-346e304b8bad,analysis.christmas,available,80,18,8,,,
b5436816-b114-4655-9ace-9642b5930e5d,analysis.church,available,80,18,8,,,
a1518655-df74-453f-8188-31a54cba97e8,analysis.claims,available,80,18,8,,,
b3b0c1dd-6366-4e1d-a39d-217e8f78bfae,analysis.cleaning,available,80,18,8,,,
20bbf014-c423-4496-91d2-5d41699eb16d,analysis.clinic,premium,80,18,8,,,
e45f8f55-b23d-49dc-b436-efea822e3281,analysis.clothing,available,80,18,8,,,
0cb313b8-4047-4691-b341-5767e86ef007,analysis.cloud,resell,80,18,8,"Spaceship, Inc.",22/12/2023 01:17,22/12/2026 01:17
35c85c1d-6186-46df-87e8-f0a03de85849,analysis.club,premium,80,18,8,,,
6e5f3c55-0711-4e73-b2f0-0415f9fd74bb,analysis.co,sold,80,18,8,Dynadot Inc,20/07/2010 18:00,19/07/2026 23:59
fee912c2-b1d7-4e44-9b5a-61a2baf7036d,analysis.coach,available,80,18,8,,,
0a24b64d-7039-4b8e-a0c0-27b842ac85bd,analysis.codes,available,80,18,8,,,
0c52948d-1d89-4bd7-9358-5b9ff9bea289,analysis.coffee,available,80,18,8,,,
7e4d6346-869c-434f-8936-1d5b7a04654b,analysis.college,available,80,18,8,,,
56df6a7c-e219-4369-b4ac-f4db533cec1a,analysis.company,expiring,80,18,8,"GoDaddy.com, LLC",09/12/2024 19:38,09/12/2025 19:38
d40b8a32-0df2-4e03-9301-b746afbf9e3c,analysis.computer,available,80,18,8,,,
951a216e-705d-4750-ba1f-89f9b2abb26b,analysis.condos,available,80,18,8,,,
68ede4d5-e40e-4152-a070-6ed155e898ca,analysis.construction,available,80,18,8,,,
0cd6e3db-c57b-4daf-b451-96a918524491,analysis.consulting,premium,80,18,8,,,
ecd6b4c1-af78-4ee5-93fe-3f0adb3dc067,analysis.contact,available,80,18,8,,,
2b08d555-cc34-41e3-aae4-cc8270c07327,analysis.contractors,available,80,18,8,,,
7062788c-9431-4c42-bc2d-0caa3ff0433f,analysis.cooking,available,80,18,8,,,
e40d8607-f8f3-429a-9dac-e42c9ad01798,analysis.country,available,80,18,8,,,
c60db764-d4e2-4299-9cae-15b1ad26da35,analysis.coupons,available,80,18,8,,,
3ed4d7dc-66f1-48e7-aa10-e39c03d81798,analysis.courses,premium,80,18,8,,,
9cc25453-a8ca-478a-8a2f-b06331dbc3a5,analysis.credit,available,80,18,8,,,
fa6865d5-9a26-4e50-9905-c99a6e8b773c,analysis.creditcard,available,80,18,8,,,
750f4205-a674-4ea5-871a-d0e65a93c216,analysis.cricket,expired,80,18,8,Exclusive Registry Limited,01/12/2014 07:22,30/11/2025 23:59
a5328a1f-b847-400f-9137-6965fe243e97,analysis.cruises,available,80,18,8,,,
0535d6c0-8339-4572-8809-28f881da0d70,analysis.cv,premium,80,18,8,,,
ff44ba50-8f6e-42fe-beb3-d738000a1bd8,analysis.cx,available,80,18,8,,,
0a954ed6-095d-481f-89a3-3459c06c82fa,analysis.cyou,premium,80,18,8,,,
b5483e0e-ca5a-409f-b27a-6aff6a7826be,analysis.dad,premium,80,18,8,,,
7fa5ff80-9d5a-42e7-9b8c-484a0ceb1757,analysis.dance,available,80,18,8,,,
a26294ba-71a9-475a-9276-b65232ec1bb8,analysis.dating,available,80,18,8,,,
fc2aeab6-be15-43a6-a292-f1f6fbf40fa2,analysis.day,premium,80,18,8,,,
a37ef40b-cd1d-4382-ab08-61702fbc69c7,analysis.deal,premium,80,18,8,,,
856f9972-8098-434f-84e0-3564bb4dbca4,analysis.dealer,premium,80,18,8,,,
cf00f4ef-ab3e-4728-b370-a5fedca19b6f,analysis.deals,available,80,18,8,,,
f0827f88-e79c-4469-819c-47a962f280a8,analysis.degree,premium,80,18,8,,,
dc44c9d6-9eb0-4ed4-b402-b6624183acd9,analysis.delivery,available,80,18,8,,,
3124d2b4-cff0-4d18-9e14-318a6fbf2d68,analysis.democrat,available,80,18,8,,,
7886021c-a809-407b-afa1-ab5a9019012b,analysis.dental,available,80,18,8,,,
7ef197d4-4d07-4e2d-a171-7a553e48cc4c,analysis.dentist,available,80,18,8,,,
6487d7db-3ba0-4cd1-bbc4-faf22c2d9074,analysis.dev,premium,80,18,8,,,
6219e752-cd7f-4c12-bf7b-7aaed3b4acee,analysis.diamonds,available,80,18,8,,,
7d14ca52-60b6-49f1-8c1f-975279783714,analysis.diet,available,80,18,8,,,
87686a05-4065-4982-a72f-d79b0a462c5f,analysis.digital,resell,80,18,8,"Sav.com, LLC - 1",13/02/2025 15:15,13/02/2026 15:15
642fe94e-aa61-419b-8fa9-e3f4a84668a6,analysis.direct,available,80,18,8,,,
bc0cf859-eb17-4380-98f3-537620b3ffdb,analysis.directory,available,80,18,8,,,
ce819edb-119e-4821-8de7-1d5daacbf4b3,analysis.discount,available,80,18,8,,,
05aa72ce-2938-4df4-8ffd-474660f01e2e,analysis.diy,sold,80,18,8,GoDaddy,16/09/2025 01:59,16/09/2026 01:59
a10793dd-72fe-4520-8c74-1c7f65f7cdc8,analysis.doctor,available,80,18,8,,,
b3fd389f-18a5-45d0-aa35-da37d6a9d580,analysis.dog,available,80,18,8,,,
3dcb4d6e-c1e4-4965-969d-3cd158a22410,analysis.domains,expired,80,18,8,Porkbun LLC,24/10/2023 11:37,24/10/2025 11:37
719f8caf-2538-42b1-bb46-b0e895e56f91,analysis.energy,available,80,18,8,,,
1e86612a-0e9f-4c6a-a5ac-54e5238f1bdd,analysis.engineer,premium,80,18,8,,,
04ec34b5-2244-4929-b0a8-2109fd9f69a5,analysis.engineering,premium,80,18,8,,,
9a855020-129f-42ab-8ec0-da6afcf12b78,analysis.enterprises,available,80,18,8,,,
cf0a7a4e-3c85-4baf-a18b-b4b5d61c1e2d,analysis.equipment,available,80,18,8,,,
f5659df0-71d4-4089-af01-4889ed5d41fc,analysis.esq,premium,80,18,8,,,
aab6de73-7f50-446f-b5eb-22977e153a9d,analysis.estate,available,80,18,8,,,
913ff629-79b8-4dfc-ab0e-9b5200ddbc2c,analysis.eu,premium,80,18,8,,,
247bf9f9-bc24-427b-aa4e-ce094228d4a8,analysis.events,available,80,18,8,,,
c69763d2-16ab-4f75-ae97-89b64a987326,analysis.expert,premium,80,18,8,,,
4c5b5455-c23d-4f4f-ba7c-2cb67841ad00,analysis.exposed,available,80,18,8,,,
16e2ae42-3c0e-42bb-a1a8-2c228e322263,analysis.express,available,80,18,8,,,
d7333c7b-7a30-4c88-9e37-65dd8644a215,analysis.fail,available,80,18,8,,,
b3a20de1-88aa-4c69-8670-af387353282e,analysis.family,available,80,18,8,,,
7a5e580d-18d7-4646-99a2-85e80f0dc780,analysis.fan,available,80,18,8,,,
ded22887-6d02-4f4d-b68f-31266f80c0f9,analysis.fans,premium,80,18,8,,,
7a434a3e-39c8-4691-8e11-8e0ab6b443f0,analysis.farm,available,80,18,8,,,
e7018c99-00c7-4300-93c2-090cedc9d8d5,analysis.fashion,available,80,18,8,,,
175aa5db-4e07-40f2-99ed-7ae66e905d1e,analysis.fast,premium,80,18,8,,,
78923a9b-fa44-424a-b23d-ff81d0040e7e,analysis.feedback,available,80,18,8,,,
0d7d8699-f734-46c9-a674-2442d484e91d,analysis.film,premium,80,18,8,,,
955b3921-e6c2-44d4-9ee1-cb7c87ff92c6,analysis.fishing,available,80,18,8,,,
005f5fee-c655-4eed-9da1-225783dbb594,analysis.fit,available,80,18,8,,,
2b2d9ac2-c2b8-46ba-9611-73906f19ad94,analysis.fitness,available,80,18,8,,,
81b58855-c131-4506-bb57-091aafd8a4c6,analysis.flights,available,80,18,8,,,
f79b2b1b-5d84-4749-a2ad-c6be55097293,analysis.florist,available,80,18,8,,,
008aebf7-6401-41bf-adbd-9e6e7cb51b7c,analysis.flowers,available,80,18,8,,,
3a023ca1-2103-434a-befd-ae28a31d3026,analysis.fm,available,80,18,8,,,
192398bc-affb-4f66-9458-9208bc27854b,analysis.foo,premium,80,18,8,,,
fd9a3daa-7155-4570-a3d7-52757345982a,analysis.food,available,80,18,8,,,
e1a731b3-1e9e-46d4-865f-8342e1d059d2,analysis.football,available,80,18,8,,,
1e4bfeb0-20d2-4839-b773-c9df816bb072,analysis.forsale,available,80,18,8,,,
1dd292c1-be2a-4dd5-916a-9ebd9c07d274,analysis.forum,available,80,18,8,,,
1c0c4b30-b415-4764-8f6a-c7d824648d6b,analysis.foundation,available,80,18,8,,,
412f648b-fba4-4bcb-b3e4-8cb314ccffde,analysis.free,premium,80,18,8,,,
b970b2b6-3317-4e59-acbe-70a35aac7f03,analysis.fun,premium,80,18,8,,,
bebd2e10-82b1-417c-b84f-4bf1ad73742e,analysis.fund,premium,80,18,8,,,
b3114796-757c-4847-b4b2-24cdffd6da12,analysis.furniture,available,80,18,8,,,
a03f15a8-f1b6-49a8-afeb-cf69a49fecd1,analysis.futbol,available,80,18,8,,,
0722604f-d2b8-4683-821a-8ca6b61957f3,analysis.fyi,sold,80,18,8,"GoDaddy.com, LLC",07/09/2025 19:56,07/09/2026 19:56
e277aa24-c84b-4276-8d3d-9b63b0bb3b85,analysis.gallery,available,80,18,8,,,
0f138648-890e-440c-bb40-990bc670152c,analysis.game,available,80,18,8,,,
58f99bf7-065c-4b23-a5a2-535ea5bc428a,analysis.games,available,80,18,8,,,
12787e41-30b8-44d4-8f8f-3ec852a191fb,analysis.gay,available,80,18,8,,,
8fec3b33-2ab5-434f-8eec-ac42aba86e83,analysis.gift,available,80,18,8,,,
365f2ffb-75a2-4a1c-87dd-fb62fd39cb95,analysis.gifts,available,80,18,8,,,
6763d6c7-8944-4f7f-9f57-fafe8fea3fdc,analysis.gives,available,80,18,8,,,
8f20c86a-5858-49dc-a9a9-d4cdc216bd20,analysis.giving,available,80,18,8,,,
509f3ac3-240c-40e2-b85e-8d4652374ea0,analysis.glass,available,80,18,8,,,
ccf28dfb-7d4c-476a-87e2-a8e14e71d787,analysis.gmbh,available,80,18,8,,,
291251b0-91ba-49f6-8f5e-3abce20fb6a9,analysis.gold,available,80,18,8,,,
7f903af3-9f32-455c-8a66-2de8dd851ada,analysis.golf,available,80,18,8,,,
1499184a-1c80-4d9b-9bd1-6a0a3544b804,analysis.gratis,available,80,18,8,,,
4fc0a2f4-01a1-4487-8e8e-b7b5251e0112,analysis.gripe,available,80,18,8,,,
a095764c-9d1c-4cbe-8dd3-ddbbd301b518,analysis.group,resell,80,18,8,Alibaba Cloud Computing Ltd. d/b/a HiChina (www.net.cn),07/11/2018 23:23,07/11/2026 23:23
329017d1-6ac9-4b77-8fc4-df1e5a53b2d3,analysis.guide,available,80,18,8,,,
61b72402-b287-4359-9c44-c9e5abe7c035,analysis.guitars,available,80,18,8,,,
4bf9f369-ade0-41e2-9834-c108f11b59c6,analysis.hair,sold,80,18,8,"Porkbun, LLC",24/11/2025 09:05,24/11/2026 23:59
4558939f-fc62-45e3-8f8d-32519f36a9de,analysis.haus,available,80,18,8,,,
ee4603c8-8683-40b1-b333-1529b481d653,analysis.healthcare,available,80,18,8,,,
c2216104-8292-4e67-9039-c455bf204592,analysis.help,premium,80,18,8,,,
7e82c2cc-c818-446a-800d-8d06c5bb6ced,analysis.hiphop,available,80,18,8,,,
a3dc3223-3aaa-459a-bf18-f3051aa7a47e,analysis.hiv,available,80,18,8,,,
457de0cf-fc19-4171-8400-de314d777ed7,analysis.hockey,available,80,18,8,,,
3eceab35-d41b-4c72-8120-a83d5b997489,analysis.holdings,available,80,18,8,,,
49668846-5ee8-4019-b895-cad148521544,analysis.holiday,available,80,18,8,,,
303b85da-e254-412b-8d8a-4c9104f28661,analysis.homes,available,80,18,8,,,
0f36eedc-dcee-48fc-a20d-1f5387ae52a1,analysis.horse,available,80,18,8,,,
d9c9c5a1-5b43-4dd7-927a-ac8451f72d10,analysis.hospital,available,80,18,8,,,
19f5b5c4-2f61-4ecc-994f-3e5eba92e623,analysis.host,premium,80,18,8,,,
425c4a6c-b959-40d2-9458-365f7ee39138,analysis.hosting,available,80,18,8,,,
eb150a08-005a-42a6-8198-236619fcda7d,analysis.hot,premium,80,18,8,,,
e408cf83-f31d-4130-83a8-740c5f1be639,analysis.house,available,80,18,8,,,
e531b1ff-10ca-4768-91fb-cf3df4debf72,analysis.how,premium,80,18,8,,,
a14f85a1-8771-41aa-8b26-11e08de2ec11,analysis.im,premium,80,18,8,,,
0e5fcb22-a2c7-4719-97e4-5ce6dd334882,analysis.immo,available,80,18,8,,,
8c84ca3e-44b4-439f-baa8-6b0f5c8f544e,analysis.immobilien,available,80,18,8,,,
a1bdb927-3f1f-4f58-b1fd-fc38d9db9edc,analysis.inc,premium,80,18,8,,,
3634bb95-8018-49d2-b71d-4672052d5658,analysis.industries,premium,80,18,8,,,
0db0a46a-eba8-47ee-8133-ef7e05943641,analysis.info,resell,80,18,8,"GoDaddy.com, LLC",14/09/2001 14:19,14/09/2026 14:19
a5c33060-ff10-4ef8-b74b-731e3564aaf9,analysis.ing,premium,80,18,8,,,
744ac0b2-2e25-47cf-b2cc-a5ff82d7c7a0,analysis.ink,resell,80,18,8,"Spaceship, Inc.",16/01/2025 01:20,16/01/2026 01:20
c7cc33c4-2323-47d6-b393-d8ef5c362e9c,analysis.insure,available,80,18,8,,,
effdf334-ad1f-4ba5-a06f-d4c8df4565cc,analysis.international,available,80,18,8,,,
c485d05d-7a23-4b4f-8abb-681bfa5410ca,analysis.investments,premium,80,18,8,,,
00644296-8bde-4f51-a773-ba83eaab2849,analysis.io,resell,80,18,8,"Sav.com, LLC",09/01/2020 14:30,09/01/2027 14:30
41c07935-a0de-48a3-b66d-60612128df05,analysis.irish,available,80,18,8,,,
1351309d-c606-4783-8bc0-8a822b30fa87,analysis.jetzt,available,80,18,8,,,
5714160d-a698-41d9-b75f-1ed2987e93b8,analysis.jewelry,available,80,18,8,,,
c70bbdfb-425d-48ca-aa33-aad8cd98adb8,analysis.juegos,available,80,18,8,,,
395e3c8a-95e0-49bd-80cf-b1c1eebaa3e8,analysis.kaufen,available,80,18,8,,,
0c9c71e5-0cc2-420a-b064-3f9fd56e63d1,analysis.kids,premium,80,18,8,,,
f526165f-f2da-43e8-a61c-0c4f44c23ca4,analysis.kim,available,80,18,8,,,
7fb81512-6f31-454e-a5a3-38dc67e03521,analysis.kitchen,available,80,18,8,,,
08d12b2b-d169-4c6a-a8a8-f850ef02248e,analysis.la,resell,80,18,8,LA Domain Names,04/09/2019 18:50,04/09/2026 23:59
15544b4d-503b-43ca-9e5e-a973f5c49875,analysis.lat,sold,80,18,8,"NameSilo, LLC",22/11/2025 12:07,22/11/2026 23:59
6c6807a5-0641-4e9c-875d-a6e1787702d3,analysis.law,available,80,18,8,,,
6ba0baa9-8004-4c79-833c-59bbe43e0531,analysis.lawyer,available,80,18,8,,,
837a145a-21d5-49d8-9453-a1496dde33ce,analysis.lease,premium,80,18,8,,,
d89bd214-c571-4c59-8cce-b3b331146c36,analysis.legal,available,80,18,8,,,
674da308-6c4f-49e3-8d00-efe6c5dad333,analysis.lgbt,available,80,18,8,,,
93250be0-f706-42ab-9179-4c7ad7f4be17,analysis.lifestyle,available,80,18,8,,,
39ee6887-0be1-4c46-a5ba-38632fef019d,analysis.lighting,available,80,18,8,,,
8193e841-e575-409d-9800-976ee3518276,analysis.limited,available,80,18,8,,,
b6bb954d-d302-4a49-953c-0cd3cd85d750,analysis.limo,available,80,18,8,,,
cdac1dd6-1091-442b-a617-fcb29c365503,analysis.link,premium,80,18,8,,,
03dc0526-76dc-4690-ace9-787cee01e999,analysis.live,resell,80,18,8,Dynadot Inc,15/06/2025 17:02,15/06/2026 17:02
76936bb5-e979-47ba-8c69-884fde944732,analysis.living,available,80,18,8,,,
f836e4dc-6e1f-47cb-aa78-51e5c8029510,analysis.loans,available,80,18,8,,,
ecb025d3-5668-405f-9ff4-9552a2152da8,analysis.locker,sold,80,18,8,"Dynadot, LLC",26/10/2025 22:41,26/10/2026 22:41
d1ba446c-f95a-49b5-b697-402cbcb42e36,analysis.london,premium,80,18,8,,,
f1164b43-7954-4918-ae6f-aa43a806fd3a,analysis.ltd,premium,80,18,8,,,
a7f21009-67e7-4083-98b0-18de729878f8,analysis.ltda,available,80,18,8,,,
52f59635-31b5-4808-989d-2ad536384fb5,analysis.luxe,available,80,18,8,,,
fa8df96a-9a9d-45ca-9bda-d0c2f86928ac,analysis.luxury,available,80,18,8,,,
51a10f61-43da-4388-bdbd-975bafd42aeb,analysis.maison,available,80,18,8,,,
1ade358f-6b8d-4173-9d55-1fa094bb8072,analysis.makeup,available,80,18,8,,,
7d00195a-c9bd-4156-87d6-0f3c0c680caf,analysis.management,available,80,18,8,,,
7c613ec4-d885-466f-b490-73ff49d651b2,analysis.market,premium,80,18,8,,,
e6bc4d2f-0dd9-4f67-80a4-4ef4cdad7a5b,analysis.marketing,premium,80,18,8,,,
153b61af-3cf9-4ae9-b86b-f6e73c5a8f0f,analysis.mba,available,80,18,8,,,
fe90f0af-a991-4b1b-9930-bf083ba9d771,analysis.melbourne,available,80,18,8,,,
01a7c78a-2f01-4aec-8ad2-94d0fcafee19,analysis.meme,premium,80,18,8,,,
fe812467-34bb-444d-929a-ce0a73ec1419,analysis.memorial,available,80,18,8,,,
8f2967c9-1da0-411e-aa0c-a738e92efb5f,analysis.menu,premium,80,18,8,,,
28943b9b-d5ef-45c4-9b2c-7fa71c355be3,analysis.miami,available,80,18,8,,,
3f26dd0d-102f-4ee6-8220-f45ca3d4ed39,analysis.mobi,available,80,18,8,,,
60621b94-c1d6-4f3b-881d-1ba49d6b71c9,analysis.moda,available,80,18,8,,,
d4b77b12-6137-4420-a0fa-86a42a05ba6b,analysis.money,available,80,18,8,,,
25efdc5f-e2bf-4856-802e-7158a1501e15,analysis.monster,available,80,18,8,,,
072233f4-2737-4dba-8bab-b85a05edeb18,analysis.mortgage,premium,80,18,8,,,
1904a244-0cca-456e-844b-be4f929f1795,analysis.motorcycles,available,80,18,8,,,
5fea42f6-430c-43d8-90de-639c0e60f348,analysis.mov,premium,80,18,8,,,
f49c5d22-d6d6-4c11-acb6-42939adee8a3,analysis.movie,available,80,18,8,,,
f9644ded-186a-4110-9a60-3411c56277c0,analysis.music,premium,80,18,8,,,
90a26caa-d8f5-4955-a2a1-9978f623f447,analysis.mx,available,80,18,8,,,
97fc6fed-818d-4a3b-af02-461f948bd25b,analysis.my,premium,80,18,8,,,
de448fc1-927c-4c0b-bab3-9eac97f34320,analysis.name,expiring,80,18,8,IONOS SE,05/01/2024 12:06,05/01/2026 12:06
09e91d1a-1981-4aec-ae90-2885503b02f0,analysis.navy,available,80,18,8,,,
7cdcbfab-ae22-428f-8c18-995e3cd0fc75,analysis.news,expiring,80,18,8,"NameCheap, Inc.",21/12/2024 21:44,21/12/2025 21:44
29634104-bff8-4977-8de4-63d4e8207074,analysis.nexus,premium,80,18,8,,,
6bcdb14e-ad70-4da5-8f7a-3c12b5dab81d,analysis.ngo,available,80,18,8,,,
6d2ac87e-369a-406b-bb16-13d3d1fdf280,analysis.now,resell,80,18,8,Dynadot Inc,08/07/2025 21:21,08/07/2026 21:21
165e3cb4-7265-48b4-9cbc-11d226f16187,analysis.observer,premium,80,18,8,,,
9f954c30-9e60-424a-bad3-15bf979f9102,analysis.one,premium,80,18,8,,,
8265af5d-f1d5-487f-826c-5e8c60d6b655,analysis.ong,available,80,18,8,,,
2d693b69-f708-4ee4-bddc-f326c6f21d0c,analysis.onl,resell,80,18,8,Dynadot Inc,19/04/2025 19:53,19/04/2026 19:53
16fa5cbf-940a-4870-8650-47555824ff8a,analysis.online,premium,80,18,8,,,
13dd728a-4acf-4b55-9df8-49b257665a14,analysis.ooo,premium,80,18,8,,,
03c71cdc-117c-4766-b58c-03bd9cabe69b,analysis.organic,available,80,18,8,,,
4f10da51-3ad0-4207-aef7-38ec44d56e24,analysis.osaka,available,80,18,8,,,
d3dc43a4-3ace-40db-aba8-9e2faeabb319,analysis.page,premium,80,18,8,,,
f5209fa1-3efe-496e-b7a0-8df9d258937a,analysis.partners,available,80,18,8,,,
ffc3ccef-0cb3-4dbc-98d2-da824ec24a2e,analysis.parts,available,80,18,8,,,
cc9afb17-af69-4f01-bac1-487f9bbf467d,analysis.party,expired,80,18,8,Exclusive Registry Limited,01/12/2014 07:33,30/11/2025 23:59
b1dc6d29-acd2-4297-b237-1f594350f08f,analysis.pet,available,80,18,8,,,
e775dfe2-2de3-4f4d-af3e-de9a19453607,analysis.phd,premium,80,18,8,,,
86d64df0-94b7-4682-b06e-97a46c2fca57,analysis.photo,available,80,18,8,,,
87474aae-3537-4692-9353-e971580b2db6,analysis.photography,available,80,18,8,,,
e2673e0d-be78-4e80-9dd3-7fdb4211a883,analysis.photos,available,80,18,8,,,
1655e59b-45b3-432d-8044-1c6937df01eb,analysis.pics,available,80,18,8,,,
4eafe9e6-e922-4281-8b09-345820c7c1c8,analysis.pictures,available,80,18,8,,,
ac7959a2-bef7-4466-943e-dc0ba8b9a907,analysis.pink,available,80,18,8,,,
ba9de390-b3c6-421a-aa09-fe052103bf9c,analysis.place,available,80,18,8,,,
da9c5100-b89d-42f5-bd9c-3bed876a3241,analysis.plumbing,available,80,18,8,,,
e0712cc8-d9b4-4c5f-8c73-6c94741f83a6,analysis.porn,available,80,18,8,,,
f5fdf079-e32b-43b9-a96f-c782f6254944,analysis.press,premium,80,18,8,,,
b765a325-d838-4b38-9b60-07c31638ddcb,analysis.pro,resell,80,18,8,"Sav.com, LLC - 7",04/08/2024 15:15,04/08/2026 15:15
22878c22-de99-4f08-a013-5d8b740a70c8,analysis.productions,available,80,18,8,,,
19e839d5-1d1b-4b5b-9831-0fb4af078212,analysis.prof,premium,80,18,8,,,
fe14670c-f965-422b-b1dd-a4a3f8a3c390,analysis.promo,available,80,18,8,,,
bc3236d7-7393-478b-9e56-1e1882e2a16c,analysis.properties,available,80,18,8,,,
448c708d-f4d4-4d20-8fc6-403ac88ded43,analysis.property,premium,80,18,8,,,
3a83d147-d67d-41c3-8594-97b84b8c0e91,analysis.protection,available,80,18,8,,,
29972489-75ac-4d4f-9194-13f2b4c1c6b1,analysis.pub,available,80,18,8,,,
45b25044-9c18-41ea-92ab-8d77d2d79be8,analysis.pw,premium,80,18,8,,,
b9f0a7dc-ad55-46a7-995e-e1439d8093f3,analysis.qpon,available,80,18,8,,,
bc58aefd-b3ec-4e11-b1e1-2d106c0919a8,analysis.quest,sold,80,18,8,"Porkbun, LLC",26/09/2025 11:55,26/09/2026 23:59
e95554bf-398c-45e5-97c4-bb8b5919a7c3,analysis.realty,available,80,18,8,,,
f7ef3ef0-8656-4cce-9ce1-e7ff66c3ca54,analysis.recipes,available,80,18,8,,,
cceac7ae-5163-4836-8e8f-696f3710a55c,analysis.red,available,80,18,8,,,
d969f369-6ba2-4b10-8371-a96f5c536c5e,analysis.rehab,available,80,18,8,,,
6b2c8045-47d6-4c12-b37f-db111122c5ea,analysis.reise,available,80,18,8,,,
3f5e8789-d5cf-4f71-a26f-3fd5153b40f1,analysis.reisen,available,80,18,8,,,
2ad78c4e-781e-47e3-bd3e-718ea653c01b,analysis.rent,resell,80,18,8,"Go Daddy, LLC",16/02/2020 22:51,16/02/2026 23:59
56529e80-de8e-49b6-93b9-5a908eba8cd0,analysis.rentals,available,80,18,8,,,
3be5e6de-30b9-44f8-b59a-f852c9c81bb4,analysis.repair,available,80,18,8,,,
18b5e9a0-17f4-47ee-8b63-2cc6a15a6852,analysis.republican,available,80,18,8,,,
e20fbeb9-f3c1-4b80-bb51-ef708c7637ed,analysis.rest,available,80,18,8,,,
03cf732d-eaad-4463-96c5-aca6a18a6888,analysis.restaurant,available,80,18,8,,,
c51c456d-b403-4636-97d7-eef4c4e0abdf,analysis.reviews,premium,80,18,8,,,
2f1c552f-f343-45bc-b35d-5f340e12960f,analysis.rich,available,80,18,8,,,
33d74210-06e5-4a04-94d2-5adfb626b16b,analysis.rip,available,80,18,8,,,
115dbc3d-2f03-43f6-9dd8-67b236487b8e,analysis.rodeo,available,80,18,8,,,
62bd6a91-f1af-4e25-ab8e-d3e58907c8aa,analysis.rsvp,premium,80,18,8,,,
af9e491f-6c11-4f4a-83d6-848aef1782f1,analysis.run,sold,80,18,8,Porkbun LLC,30/09/2023 10:17,30/09/2026 10:17
705a6243-22cc-435a-96d5-7c1d747edd8e,analysis.sale,available,80,18,8,,,
27339583-f230-42a2-89cb-cc5d29f579d4,analysis.salon,available,80,18,8,,,
e9633213-38d5-4a0b-adbf-662cd2a2a375,analysis.sarl,available,80,18,8,,,
06c0443d-ab92-45d2-adb3-3f9ae21a6557,analysis.sbs,premium,80,18,8,,,
7c19450b-1e43-4b32-96e0-cff9501cdcd5,analysis.school,available,80,18,8,,,
474a3d97-2c91-4b7e-97ad-54fba7edf0e3,analysis.schule,available,80,18,8,,,
e305a961-1ea0-4794-a8f6-e841ad08bdf8,analysis.science,expired,80,18,8,Exclusive Registry Limited,01/12/2014 07:43,30/11/2025 23:59
325a92d0-0150-4a53-b3f3-a900b2887b82,analysis.security,available,80,18,8,,,
96e0cfb2-13a7-4b7d-8cb3-6babf63a6f19,analysis.sexy,available,80,18,8,,,
d7df8456-1dc2-4259-8419-91a143c9b560,analysis.sh,sold,80,18,8,Key-Systems GmbH,07/09/2019 07:59,07/09/2026 07:59
495d287f-39b1-4c26-a8a1-029b66ac60ab,analysis.shiksha,available,80,18,8,,,
135bd303-44cd-4158-844d-8469ec42d89e,analysis.shoes,available,80,18,8,,,
11dd4acb-884d-46ce-b64c-c7cdc6a340af,analysis.show,available,80,18,8,,,
bd8e1a52-c58a-4a89-a9b3-4ade113edacf,analysis.singles,available,80,18,8,,,
6ba841bc-838b-4d4d-9690-ba9123a651e5,analysis.site,premium,80,18,8,,,
9e3e561d-1859-4461-ab0f-12c7754c1f05,analysis.ski,available,80,18,8,,,
cd5880b5-cbd2-4495-8222-5497e7a07a00,analysis.social,premium,80,18,8,,,
1cce0218-71f2-4afd-b9ce-7867360bc9d6,analysis.software,premium,80,18,8,,,
5a8c86fe-85f7-4af1-88be-3d3ea2503e70,analysis.solar,available,80,18,8,,,
16ab3be1-45a3-4921-bd55-8929efaf8f45,analysis.soy,premium,80,18,8,,,
4029ceba-009d-4b30-99d3-7890bc961d78,analysis.spot,premium,80,18,8,,,
e9a7cec2-c758-4689-b203-285b7d8b5cee,analysis.srl,available,80,18,8,,,
dde0e949-5c2a-4fb4-aeda-e5d407ad919d,analysis.storage,available,80,18,8,,,
a64256d4-d8e5-4d95-bbd8-f9abb2f3d3d2,analysis.store,premium,80,18,8,,,
65e393cd-713b-422b-ae19-35932af7117b,analysis.stream,premium,80,18,8,,,
b5e42e16-b821-48c0-b2cd-e9f00f4ee288,analysis.study,premium,80,18,8,,,
0c052a65-f1e7-4863-bfd4-31278c328887,analysis.style,available,80,18,8,,,
58aa4764-c7c1-4724-b6a2-6183084e7f3c,analysis.sucks,available,80,18,8,,,
9840e4d8-15e0-49e0-b730-52ae2646d20f,analysis.supplies,available,80,18,8,,,
a497ab46-e8ad-43a7-8196-b5e256246116,analysis.supply,available,80,18,8,,,
81ed8e6a-928d-4069-a438-3ed9483d6980,analysis.support,available,80,18,8,,,
a28a5409-4c72-463f-b3be-b73f3701a551,analysis.surf,available,80,18,8,,,
c90853cc-4b3a-4b26-920f-bcb7578899f7,analysis.surgery,available,80,18,8,,,
78b0dc9c-3456-492b-a3ec-d73aa1f75f6d,analysis.sydney,available,80,18,8,,,
654a7e11-9987-462c-b431-d8f7f084d177,analysis.systems,expired,80,18,8,"NameCheap, Inc.",23/09/2024 11:37,23/09/2025 11:37
393e438e-6e4f-4168-abb2-91305cd96492,analysis.talk,premium,80,18,8,,,
986c8403-79e4-4e86-921c-299fad571c32,analysis.tattoo,available,80,18,8,,,
bf5ce49b-d64e-488f-a0f9-df2508d5846c,analysis.tax,available,80,18,8,,,
81fcf9c1-fada-4d5b-8396-0dcf50003b83,analysis.taxi,available,80,18,8,,,
2d776b1f-c965-414f-834e-b3c87c0d2612,analysis.tech,sold,80,18,8,"Go Canada Domains, LLC",05/08/2015 16:00,05/08/2026 23:59
85701b46-4922-476d-9c45-8c9ba714bb7d,analysis.technology,available,80,18,8,,,
ccd9222e-bf07-41ce-98a4-9f2217eebd00,analysis.tel,available,80,18,8,,,
e518ddcc-e288-470a-bcae-90dfe016bdb2,analysis.theater,available,80,18,8,,,
9b63bd4a-b39d-4bb0-8ff9-a3528da7e168,analysis.theatre,available,80,18,8,,,
0f501da1-dedf-4d14-8f80-b7179b279b08,analysis.tickets,available,80,18,8,,,
e484d6a7-97b3-4a28-a68e-f4cb5b17855d,analysis.tienda,available,80,18,8,,,
e1cbdd2e-75fb-419a-8689-352d586965bd,analysis.tips,resell,80,18,8,"GoDaddy.com, LLC",31/03/2014 20:54,31/03/2026 20:54
46943934-22ff-4d2e-bc2b-04717c45b78c,analysis.tires,available,80,18,8,,,
397c84e6-2bc0-4ba9-9065-1e5f3bcfe248,analysis.tours,available,80,18,8,,,
c5003bd2-1e90-4f80-a77e-112907169d94,analysis.town,available,80,18,8,,,
1e5d3c3f-f5d6-4d34-972e-8f909811fc14,analysis.travel,available,80,18,8,,,
40407e24-9a32-45d2-aa1d-44f9c36f6b6d,analysis.tube,premium,80,18,8,,,
d5b9d9f9-de3b-4553-9d1b-fa3f9868d285,analysis.tv,resell,80,18,8,"GoDaddy.com, LLC",20/01/2006 03:58,20/01/2026 03:58
e9f9b642-91d6-42ae-b5b0-2900b10acf4d,analysis.uk,resell,80,18,8,"GoDaddy.com, LLC.",18/06/2014 06:13,18/06/2026 06:13
59313f85-c73e-42ff-a76d-4b5105e5b52a,analysis.university,available,80,18,8,,,
550e8d73-4406-4850-886a-75e0922efc49,analysis.uno,premium,80,18,8,,,
85147e52-5f0f-49d9-80d3-5323146fe382,analysis.us,resell,80,18,8,"Spaceship, Inc.",18/07/2023 00:00,18/07/2026 00:00
10948fe5-5f53-4820-9c6d-910c5a929260,analysis.vacations,available,80,18,8,,,
3e49f742-5511-4943-a12a-09fb1c6a35a1,analysis.vana,available,80,18,8,,,
d65bde53-de25-4743-ba6a-a505f0f1245c,analysis.vegas,sold,80,18,8,"GoDaddy.com, LLC",11/09/2014 14:09,11/09/2026 14:09
c4a19d28-a631-4678-af92-1836b6d0464e,analysis.ventures,available,80,18,8,,,
7fe24522-ff03-4415-841b-7093787913f0,analysis.vet,available,80,18,8,,,
8f55af6a-3cf5-40ea-b788-84ad01ae43da,analysis.viajes,available,80,18,8,,,
a3cfecba-b39e-4fa4-b31c-fcd5052e3ae3,analysis.villas,available,80,18,8,,,
b7a33702-708c-45f8-a3de-f494490658c1,analysis.vin,available,80,18,8,,,
cbc7f5c2-0bad-4334-baf6-6386b24d89d0,analysis.vip,premium,80,18,8,,,
6165ae92-d3cc-4385-8851-b8caa5a00716,analysis.vision,available,80,18,8,,,
fb4bdb43-c1da-4546-8a6c-fcfdd472c176,analysis.vodka,available,80,18,8,,,
5a116628-43aa-4633-9826-fd8de07653ef,analysis.vote,available,80,18,8,,,
a54a2d2a-270f-440b-980f-1b22a7c3e786,analysis.voting,available,80,18,8,,,
74facf5a-231e-4a92-8915-adc43bf8915d,analysis.voto,available,80,18,8,,,
8e27b897-74a9-477e-a617-0175d3d05cb4,analysis.voyage,available,80,18,8,,,
af0899f6-131e-4152-b3f7-ad5babb29a6d,analysis.watch,available,80,18,8,,,
9db4ab5e-5a8c-41fc-8b4b-9c911494a389,analysis.website,premium,80,18,8,,,
14a4fd50-64ce-4950-a9af-79b0c4519b4e,analysis.wedding,available,80,18,8,,,
95c9ab79-3941-4a15-8395-e4dbb42e7a8c,analysis.wiki,sold,80,18,8,Porkbun,27/09/2024 05:32,27/09/2026 05:32
478cb531-6031-4799-94df-f26b40b59691,analysis.wine,sold,80,18,8,"GoDaddy.com, LLC",20/09/2017 15:30,20/09/2026 15:30
497a0985-3772-42f6-acf5-b4d9b6f33b76,analysis.work,resell,80,18,8,West263 International Limited,18/08/2021 14:05,18/08/2026 14:05
681abd28-0b68-4222-a6d7-bb28835082ff,analysis.works,sold,80,18,8,"GoDaddy.com, LLC",11/09/2014 07:33,11/09/2026 07:33
e685730a-83c5-4135-b498-c6393f977ead,analysis.world,resell,80,18,8,"DNSPod, Inc.",21/07/2021 23:47,21/07/2026 23:47
4276d63b-9370-47ce-8c46-1840aa1c761f,analysis.wtf,available,80,18,8,,,
70fff3f1-b90f-40cf-9d0b-38790704b25c,analysis.xyz,resell,80,18,8,"Unstoppable Domains, Inc.",14/11/2019 06:05,14/11/2026 23:59
9b92445f-6ada-424b-bc6f-8199fed36034,analysis.yachts,available,80,18,8,,,
3b7ac254-2332-4e8a-b805-6006cd64a1d8,analysis.yoga,available,80,18,8,,,
7010f329-068a-4ce7-b71b-088f91d2b723,analysis.you,premium,80,18,8,,,
bad9a5ca-c195-42a6-8c3b-d1b0292a9fa1,analysis.zip,premium,80,18,8,,,
cef19419-a672-4d6e-8799-50a0d425340c,analysis.zone,available,80,18,8,,,
9b0b2ccd-150d-45e3-999c-43d91d9c30db,testing.ac,available,86,28,7,,,
ac7120f6-44f6-47fe-a79e-eccc6f2d2b1b,testing.accountant,premium,86,28,7,,,
c143c7e9-659a-4653-a727-51b56c9cf710,testing.accountants,available,86,28,7,,,
a38b6b65-aa5b-491a-ad63-ebfb9b4e0b4d,testing.actor,available,86,28,7,,,
1be9b94b-6032-4deb-a66b-4e21b9a37f54,testing.adult,available,86,28,7,,,
ee8c1ebe-59b8-4711-ae86-67a64a7fa894,testing.airforce,available,86,28,7,,,
a0191528-8b30-4bbe-9ec3-8f7987f44285,testing.apartments,available,86,28,7,,,
89f9a0b8-78f5-47ce-bbdc-8489ede015af,testing.archi,available,86,28,7,,,
0a5ddcff-75e0-4946-a2f6-de7994d2e581,testing.army,available,86,28,7,,,
5ce7d286-5ba0-403b-9b19-96ca433c7577,testing.associates,available,86,28,7,,,
174f99b9-972a-4b97-97bd-175ae30414a4,testing.at,available,86,28,7,,,
2987970e-9a4d-4df9-a33c-689b983cd97d,testing.attorney,available,86,28,7,,,
37d133e9-275b-4468-a996-a73c306c07ce,testing.auction,available,86,28,7,,,
5f43712e-528e-4621-b1f7-b3adbb88e15f,testing.audio,available,86,28,7,,,
d578b06a-0724-4bf8-b242-1f1cb7fe61ec,testing.auto,available,86,28,7,,,
99b45378-23d8-4691-ac6b-a6695f42b153,testing.autos,available,86,28,7,,,
49699f7f-d065-45b2-b848-17d6ddb9f6b9,testing.band,available,86,28,7,,,
918840d1-f11c-44da-b473-83b8170ed68c,testing.bar,premium,86,28,7,,,
ce9f7e3c-569c-4345-90f7-a3925712e5ce,testing.bargains,available,86,28,7,,,
ec56b6c2-ebd5-486d-a1f4-72f392045c68,testing.bayern,available,86,28,7,,,
464ffd0c-5469-4cf2-bf9c-69d8131f368b,testing.beauty,resell,86,28,7,"Spaceship, Inc.",16/03/2025 15:22,16/03/2026 23:59
2e5c4c28-69d3-440c-93ca-35d147e53d0d,testing.best,expired,86,28,7,Namecheap,30/09/2022 01:38,30/09/2025 23:59
c35fc893-a861-48dd-91cc-4c9b31f33c21,testing.bid,premium,86,28,7,,,
d1777f5f-069d-402f-a8e3-5cbed6ed51c8,testing.bike,available,86,28,7,,,
7e31a641-07d4-4d44-b886-153e97c9a155,testing.bingo,available,86,28,7,,,
a7896169-bf6e-4b10-a9df-bd24d302187b,testing.bio,resell,86,28,7,"Sav.com, LLC",03/02/2025 17:08,03/02/2026 17:08
d2541b7e-f422-4259-a6af-63936d0abe1d,testing.biz,resell,86,28,7,"GoDaddy.com, LLC",27/03/2002 03:41,26/03/2026 23:59
bd9419bf-5b40-444a-9764-830aa0359eb1,testing.black,available,86,28,7,,,
a2df8347-5e32-47e1-94de-5ce2d6eaf3e2,testing.blackfriday,available,86,28,7,,,
7dbc8eee-1aaf-4814-8915-3a333653cad8,testing.blog,premium,86,28,7,,,
da9928ca-ffb0-4288-9309-6e2534aaa89b,testing.bond,premium,86,28,7,,,
1588981d-a012-4eda-b6ca-455ad49e8a14,testing.boo,premium,86,28,7,,,
2c60178b-ea9f-4f19-9439-469d982195f6,testing.boston,available,86,28,7,,,
b3252da4-f64c-46d0-b5f6-fff25cb26533,testing.bot,premium,86,28,7,,,
11504b07-cefc-4368-8fd3-2ea55333a9df,testing.builders,available,86,28,7,,,
4ca0b092-28b0-4a9e-a89a-f2e80a6e78bc,testing.buzz,premium,86,28,7,,,
89b5b3b0-8193-40dc-8624-25b1e368b2c7,testing.cab,available,86,28,7,,,
147c8fb3-81c6-4c29-9350-3f29ee407747,testing.cam,resell,86,28,7,"Porkbun, LLC",17/01/2025 08:42,17/01/2026 23:59
73631cf2-367a-4d08-9a29-66094ee3b81c,testing.camera,available,86,28,7,,,
bd2def67-7115-4f50-8c87-4461438e1a7a,testing.camp,available,86,28,7,,,
df3d08c4-e08f-4636-b3bb-594ed404e329,testing.capital,available,86,28,7,,,
d0e6d6a2-774f-4e13-94f2-fad31524cb83,testing.car,available,86,28,7,,,
4708071a-7c9b-477e-b06e-c415461962f4,testing.cards,available,86,28,7,,,
bb17c6c0-7397-4fdb-8f50-7dbc4ad1ee6b,testing.care,resell,86,28,7,"GoDaddy.com, LLC",09/04/2020 17:00,09/04/2026 17:00
6b1d7b70-d618-4758-98c2-44c63379c3ea,testing.cars,available,86,28,7,,,
a17b062b-a28f-42a5-8210-6b805161cd46,testing.cash,available,86,28,7,,,
e3b8f433-4cec-4d59-8ff2-d7d23ea8a232,testing.casino,available,86,28,7,,,
2c107ea1-3f3f-4fe3-b95e-f799ec53092b,testing.catering,available,86,28,7,,,
55cac857-8d64-498c-8487-d0c89ccb008a,testing.cc,resell,86,28,7,Tencent Cloud Computing (Beijing) Limited Liability Company,07/04/2024 08:03,07/04/2026 08:03
a1dcce4e-5e2d-4dd1-848b-fc72a4f265d0,testing.ceo,available,86,28,7,,,
dd7839c2-4d8d-4761-a840-a484e9e8d162,testing.cfd,premium,86,28,7,,,
cefa9bed-677b-4191-9cda-6718b1a0db16,testing.charity,available,86,28,7,,,
c30a9a45-6cb0-45d9-8cd5-bbfc9eb3bc31,testing.chat,available,86,28,7,,,
395f7343-a5d8-4735-83b7-6abb028d091f,testing.cheap,available,86,28,7,,,
3893e9bb-41bd-4554-b406-3fa77f620231,testing.christmas,available,86,28,7,,,
cd13c295-4544-45b0-a60e-eb40034c682e,testing.church,available,86,28,7,,,
a73ba92c-f629-4586-8068-bde67bc0530a,testing.claims,available,86,28,7,,,
52c64bdf-618e-4fb0-a539-8faceb88de2a,testing.cleaning,available,86,28,7,,,
598e2c50-7e24-46af-be6e-a63d652e8f73,testing.clinic,available,86,28,7,,,
d7d5624b-f595-4446-ad5a-376274b15dda,testing.clothing,available,86,28,7,,,
47c175ac-e6fa-4e16-922b-1b3899dcae5b,testing.club,premium,86,28,7,,,
5f89825b-1d5e-4821-a9e6-efc0d3336476,testing.codes,expired,86,28,7,Dynadot Inc,03/10/2024 20:26,03/10/2025 20:26
2d1d4f60-b11d-4591-880e-f01a50f8aa41,testing.college,premium,86,28,7,,,
af6fbf0a-a622-4ecf-919f-b30eba5a6357,testing.computer,premium,86,28,7,,,
c0ad43cc-1d3f-4e55-89d1-42e09c42c1b3,testing.condos,available,86,28,7,,,
04c98314-6ab2-48ca-8037-79b430386beb,testing.construction,available,86,28,7,,,
8010d001-dbc8-4089-9cb9-6a2bc6e6ac94,testing.contractors,available,86,28,7,,,
79f24a16-a04b-45ec-89e6-3fae7feb1654,testing.cooking,available,86,28,7,,,
fd79f6b0-6cda-4fe4-86c9-e80b0c57fcd0,testing.courses,available,86,28,7,,,
03d6b064-9fd8-4d7d-b760-36277b1bc149,testing.credit,available,86,28,7,,,
19c72616-a8d9-40f6-8222-b4bb60189ae2,testing.creditcard,available,86,28,7,,,
7a2a83cd-b48f-4f42-8a4f-60dc071c9029,testing.cricket,premium,86,28,7,,,
bb8c46d2-ec2c-4a79-a57d-73250352243a,testing.cruises,available,86,28,7,,,
7c107640-38c9-43e9-9325-d11c9ce64949,testing.cv,premium,86,28,7,,,
3398173a-ea8b-414e-8124-2d899519fb78,testing.cyou,premium,86,28,7,,,
4d8b4d95-7f20-4e11-a2ac-60895bbb4410,testing.dad,premium,86,28,7,,,
6eecedc1-6cc2-4ac4-8136-4d1fa2b56393,testing.dance,available,86,28,7,,,
51492014-1b2b-49c4-8720-ccdf6f01cabd,testing.date,premium,86,28,7,,,
bd71880a-5c9e-4738-af0f-961562393ad1,testing.dating,available,86,28,7,,,
60b6e041-78a0-458b-8871-8b29d3453ed4,testing.day,premium,86,28,7,,,
ba32bec3-4ed9-4f93-ba0b-d7e6f7496390,testing.deal,premium,86,28,7,,,
9faf2ae4-2160-4a2e-83e1-9b2901f42f99,testing.dealer,premium,86,28,7,,,
01ecfadd-99f6-429f-85e6-543c1acacf69,testing.deals,available,86,28,7,,,
2d5911db-0e2e-471c-8422-06c4cd655d8f,testing.degree,available,86,28,7,,,
21eb3120-2244-4291-8d1e-66dbf2693dae,testing.delivery,available,86,28,7,,,
317c524b-de79-4ae6-9d5d-ef5e3cfc88fd,testing.democrat,available,86,28,7,,,
a4708b60-91c4-4311-9704-966260d84621,testing.dental,available,86,28,7,,,
822f6287-f8b8-40fa-8399-a3d0be022281,testing.dentist,premium,86,28,7,,,
ea9a8f94-fd5b-4e1d-8969-65d46e96b005,testing.design,expired,86,28,7,"GoDaddy.com, LLC",04/11/2020 17:50,04/11/2025 23:59
93645571-4c10-4df7-9bcb-2e82c41da9ce,testing.diamonds,available,86,28,7,,,
7003ab3e-29d2-427a-8225-492e3cc5c3e4,testing.diet,available,86,28,7,,,
78b620e9-fc27-423c-b1ec-f05bc8485785,testing.digital,resell,86,28,7,"Sav.com, LLC - 43",08/06/2025 15:15,08/06/2026 15:15
88389bca-85d2-44ec-9e9a-8a181f688143,testing.direct,expiring,86,28,7,"GoDaddy.com, LLC",15/12/2020 02:36,15/12/2025 02:36
9fa8b519-1ef2-41a2-bbe5-e83762421c92,testing.directory,expiring,86,28,7,Dynadot Inc,06/01/2024 17:01,06/01/2026 17:01
44e494c3-e1cd-4b51-8c10-b4e49e65d439,testing.discount,available,86,28,7,,,
abe12ab8-9029-4280-89bf-e934c62bdbd2,testing.doctor,available,86,28,7,,,
ee314af3-8a95-45e1-af29-3ec2b88539f2,testing.download,premium,86,28,7,,,
fea05a88-eb7c-4d20-bd3b-c7539e381a7d,testing.earth,expiring,86,28,7,"GoDaddy.com, LLC",03/01/2020 14:52,03/01/2026 14:52
a0101d84-4668-453f-833f-d49eb3872caa,testing.education,available,86,28,7,,,
b72782cc-01a9-4ec8-9ed0-4163b478bcec,testing.email,expired,86,28,7,"Sav.com, LLC",05/10/2024 17:09,05/10/2025 17:09
0a1facca-6a1a-40ba-a071-1d3fee92edb6,testing.energy,available,86,28,7,,,
7eb3e1c3-3909-4524-9f8a-96a11b197fdf,testing.engineer,premium,86,28,7,,,
32fc55c9-dc71-480a-aeac-4cc984f91c95,testing.engineering,premium,86,28,7,,,
47cc0746-db6b-4a92-bf7f-c3f1dd634322,testing.enterprises,available,86,28,7,,,
e6fe2cf1-7ba8-46aa-a316-52ced0564b34,testing.esq,premium,86,28,7,,,
26e9e899-1393-44d3-93d8-971a37e95389,testing.estate,available,86,28,7,,,
bc6e1e2e-281e-4282-87a9-881988ce516d,testing.events,available,86,28,7,,,
aaf67ebb-85de-472f-94f0-c181dc6aaaac,testing.exchange,expiring,86,28,7,Porkbun LLC,21/12/2015 22:55,21/12/2025 22:55
a05b58d5-bd92-489f-b910-3727dc0a7e3b,testing.exposed,available,86,28,7,,,
49b1e6d5-c99a-4b8f-acf4-6440c2de22df,testing.express,available,86,28,7,,,
480ba81b-3642-460e-b7fd-6ccc6b955151,testing.fail,available,86,28,7,,,
dd2ec083-1562-4b78-aba2-291dd609a4e7,testing.faith,premium,86,28,7,,,
eab57718-4268-446f-a1f1-d0272af257ab,testing.fan,available,86,28,7,,,
6aa12855-be6c-4c80-9ac6-99780cedb34d,testing.fans,premium,86,28,7,,,
8168afb5-e306-475a-bf8d-1fe12c116f4c,testing.fast,premium,86,28,7,,,
e4a9a600-70c5-44dc-8b41-da7ec7e257a2,testing.feedback,available,86,28,7,,,
02c2bb6c-9086-4489-a0b1-4f83d088d52a,testing.film,available,86,28,7,,,
e1e55dba-b5b7-4e85-bd1f-c7af856e8390,testing.finance,available,86,28,7,,,
6b722c6f-43fc-4553-a466-56d58f05847a,testing.financial,available,86,28,7,,,
13d016ca-2b51-46b6-a56a-2efcc226cacf,testing.fishing,premium,86,28,7,,,
16b5e935-c01a-45df-ba0b-9ea33c6e1d93,testing.fit,resell,86,28,7,"GoDaddy.com, LLC",09/04/2020 17:14,09/04/2026 17:14
3a5ecf42-2edb-48b5-b671-753df5924082,testing.fitness,premium,86,28,7,,,
cb346ad8-b471-48f3-a418-78e7a7e23c21,testing.flights,available,86,28,7,,,
105dd255-f38e-40c3-a811-e5cefac53015,testing.florist,available,86,28,7,,,
888a5255-4bc7-45da-b1e8-26c240ce2f5a,testing.flowers,available,86,28,7,,,
6a4174b4-b05c-4ff4-9677-1d15fe1d869e,testing.foo,premium,86,28,7,,,
ecb60b2e-d47c-4b2c-a0b8-207012dac32f,testing.football,available,86,28,7,,,
791ef0e4-7890-4d78-90d1-ff2689708a4f,testing.forsale,available,86,28,7,,,
45de4dba-93ff-42de-a633-111edb1a6373,testing.foundation,expiring,86,28,7,101domain GRS Limited,11/12/2024 01:26,11/12/2025 01:26
83b01c44-8c30-4dd4-aed9-94afb5665a4a,testing.free,premium,86,28,7,,,
d1b69c71-015a-473a-b426-20e343f3e36d,testing.fun,premium,86,28,7,,,
7debb330-33f8-404d-9565-395062191bf4,testing.fund,available,86,28,7,,,
de926ce1-4c32-41e7-bc42-e4d62c13a153,testing.furniture,available,86,28,7,,,
8cbe86e7-1f09-4307-bd0b-d21e71d28ae4,testing.futbol,available,86,28,7,,,
4ac04814-2fe1-4a68-aec4-b87e3df9c813,testing.gallery,available,86,28,7,,,
ab38e825-8778-4534-9452-1f615613d1fc,testing.game,available,86,28,7,,,
5004971a-b0c9-44a6-aa16-d6a2d323dea4,testing.games,expired,86,28,7,"NameCheap, Inc.",26/10/2024 12:02,26/10/2025 12:02
3b3d8e36-6465-4efe-be01-f2f8ea6995ce,testing.gay,available,86,28,7,,,
ba7f49a2-df55-43e3-8e3b-4d2ed8279b86,testing.gift,available,86,28,7,,,
d0ff61a0-9974-4970-b3b7-c7965fd84b07,testing.gifts,available,86,28,7,,,
db9032dc-5e95-4c0c-a3e4-d636dd782bd4,testing.giving,available,86,28,7,,,
3ff57db0-ba9f-403d-a1fa-429229e2e1c6,testing.glass,available,86,28,7,,,
b66f6be3-24ad-4de5-83c2-5271f47cf7aa,testing.global,premium,86,28,7,,,
afef1250-813c-4d2e-8316-262d1bc51663,testing.gold,available,86,28,7,,,
48cabd9d-ff41-4832-9f97-375b9a730ddb,testing.golf,available,86,28,7,,,
6a534098-b21f-4923-b990-d1e4fa65168f,testing.graphics,available,86,28,7,,,
58c24e50-1742-42f6-96fb-a7a46e02b498,testing.gratis,available,86,28,7,,,
bddcc50f-8860-47b0-adbe-ccb12662cc4c,testing.green,available,86,28,7,,,
f6490309-301a-4cde-90cd-32829cf15702,testing.gripe,available,86,28,7,,,
271cd476-bf29-43e0-8bff-9aaa2c2505ee,testing.guitars,available,86,28,7,,,
47f9c8ec-c4e5-4f9e-896e-6c81cc02246f,testing.health,premium,86,28,7,,,
d05fab96-cd0c-4dd9-a9f7-7bbac5b78358,testing.healthcare,available,86,28,7,,,
6f576b50-367e-4469-bfb0-4cace12f6c53,testing.hiphop,premium,86,28,7,,,
82c974f0-feed-4b8d-b739-5d0f6e5a009d,testing.hiv,premium,86,28,7,,,
2305aac2-63d3-4e57-866c-1cec50490cd7,testing.hockey,available,86,28,7,,,
144fb350-e1c8-402c-aa03-200d4427ed85,testing.holdings,available,86,28,7,,,
764b0441-ef17-4694-b88a-978871206021,testing.holiday,available,86,28,7,,,
63267b49-a9bd-4594-83b3-6e023e6e6157,testing.homes,resell,86,28,7,"Spaceship, Inc.",06/03/2025 16:57,06/03/2026 23:59
abc53e5f-c117-4f7d-bfee-bf6b0b4a9371,testing.horse,available,86,28,7,,,
1ca50638-f39a-4172-8a1d-a4527bc40d76,testing.hospital,available,86,28,7,,,
a6201b87-c107-4fda-a1c5-8d412b2a1ea8,testing.host,premium,86,28,7,,,
c6da52e7-a930-422a-a3f1-84e6e39e453c,testing.hosting,available,86,28,7,,,
064f65c7-311e-454c-b66b-63bae9e12c69,testing.hot,premium,86,28,7,,,
c68e02d6-d418-40f9-9791-fb50905b3f2c,testing.house,available,86,28,7,,,
50f94b18-310a-4510-9de3-f7111ff11636,testing.how,expiring,86,28,7,"eNom, Inc.",24/12/2015 20:00,24/12/2025 20:00
b0b2997a-e3fd-441d-870a-266474938b99,testing.im,premium,86,28,7,,,
ac73819d-8888-4781-96d1-2fbd5839412d,testing.immo,available,86,28,7,,,
276ce0e4-d5f9-4cd3-8445-0b281eede287,testing.immobilien,available,86,28,7,,,
a1d9c5c1-81ff-483c-abdb-5030fb62958d,testing.inc,premium,86,28,7,,,
3a16167e-5ce8-4082-905e-f9e7b74cf35c,testing.industries,available,86,28,7,,,
15fda2a7-344b-4222-bf93-ff8a562b85dc,testing.info,resell,86,28,7,"GoDaddy.com, LLC",12/09/2001 09:49,12/09/2026 09:49
264069c6-649e-40d6-9682-c29773f2ad3f,testing.ing,premium,86,28,7,,,
4da2cebc-6176-4ca3-ac94-cf4e009d0385,testing.ink,resell,86,28,7,"Xiamen ChinaSource Internet Service Co., Ltd",26/07/2025 00:00,26/07/2026 00:00
10d8aff1-84d5-48ec-98b8-e74be10a415d,testing.institute,available,86,28,7,,,
8606e706-88b3-48a3-9fa5-47a0176d07dd,testing.insure,available,86,28,7,,,
646bd2ef-3999-4760-b63f-df7426dba6c0,testing.investments,available,86,28,7,,,
60291aab-d2fd-4d8a-9d68-47af73150142,testing.io,sold,86,28,7,"GoDaddy.com, LLC",16/07/2020 17:10,16/07/2026 17:10
7690446a-338d-4c72-bc69-bafc5f5a62de,testing.irish,available,86,28,7,,,
15d4adf1-b099-47a7-a221-b33c5691797b,testing.it,resell,86,28,7,,09/08/2016 09:00,09/08/2026 00:00
0f25f985-eaf1-4cb3-b60c-9da8cd00a674,testing.jetzt,available,86,28,7,,,
e174ba29-03bf-4f53-ac3a-e681f7986bc4,testing.jewelry,available,86,28,7,,,
acd37fdb-7f7e-47d8-a5e6-a1c22ba59b80,testing.juegos,available,86,28,7,,,
9901b6b5-9fba-4c69-a581-9bb866d0afd5,testing.kaufen,available,86,28,7,,,
5f6043cd-bb6d-4265-9ebd-c59973eb02c8,testing.kids,available,86,28,7,,,
07a8cc87-351d-494b-a577-93ef810656d8,testing.kitchen,available,86,28,7,,,
56214520-9cb7-4f9b-afa4-b3ff953d03de,testing.la,resell,86,28,7,LA Domain Names,25/04/2018 20:22,25/04/2026 23:59
65d32d0c-3154-4527-8198-e3a5a4b5cee8,testing.lawyer,available,86,28,7,,,
f00c2d9d-d88a-46fc-ac53-07f68d8f345c,testing.lease,available,86,28,7,,,
4591df42-0dc4-4fce-a96b-4d0f02818e96,testing.legal,available,86,28,7,,,
c4164842-e980-45de-b22f-986e2a83af77,testing.lgbt,available,86,28,7,,,
e8b5d9e7-9b97-4b26-ad27-064a92b85672,testing.life,resell,86,28,7,"GoDaddy.com, LLC",03/08/2015 18:22,03/08/2026 18:22
51215224-8fdc-47cb-97cd-2277ec90448e,testing.lifestyle,available,86,28,7,,,
899b01ce-8ed6-4684-8336-4ade1dde5401,testing.limited,available,86,28,7,,,
ec240620-d80e-41a1-9d63-30e7d9c31ac0,testing.limo,available,86,28,7,,,
8b13de3c-9e6a-40e2-8655-8e90b7c2c2f9,testing.link,premium,86,28,7,,,
5b923552-038b-4eab-88f4-3e8a34ddb3e4,testing.live,premium,86,28,7,,,
16954de7-da10-491b-9216-eb48c41dbc34,testing.living,available,86,28,7,,,
2da56d0f-1052-4e6b-8d2e-43b8e84ec8da,testing.llc,available,86,28,7,,,
1872d6c5-34e6-4f62-abb7-418586442012,testing.loan,premium,86,28,7,,,
bfb9c770-aaff-4e05-821a-e455a8bbf19c,testing.loans,available,86,28,7,,,
b641cfe0-9940-4f7e-a7ed-2038c4e2c61a,testing.love,premium,86,28,7,,,
78825b71-96b7-48a8-95de-4814f6d97f1d,testing.ltda,available,86,28,7,,,
9e96794a-345d-44d5-93d2-00ceeba62be6,testing.luxe,available,86,28,7,,,
52e697f9-5e08-4d9b-8136-56cf0695b83e,testing.luxury,available,86,28,7,,,
8318b6e3-7767-4de0-af34-6c6dc108603d,testing.maison,available,86,28,7,,,
26257357-f802-4689-8f35-a6925833d15e,testing.makeup,available,86,28,7,,,
a60ca213-a11c-4d4f-96d1-06affd2de2e5,testing.market,available,86,28,7,,,
53b35b32-9ec9-4cda-ae6b-6554469a3022,testing.marketing,available,86,28,7,,,
e135e223-1de6-49bc-9871-7c14b4494027,testing.mba,available,86,28,7,,,
c875812b-5e9c-4d47-8ce1-68a825a2385d,testing.me,resell,86,28,7,"GoDaddy.com, LLC",20/09/2010 15:39,20/09/2026 15:39
1c570b03-0e37-4e59-8b2c-66ff96ea24a0,testing.media,resell,86,28,7,"Sav.com, LLC",05/07/2025 17:07,05/07/2026 17:07
5eedaa9f-f54d-4676-947b-7a7e22af8f97,testing.melbourne,available,86,28,7,,,
9aaac3cb-7fea-41a4-8abc-460e033d6485,testing.meme,premium,86,28,7,,,
6fa24bff-bdd8-4fd6-9205-f35f2ea6fa74,testing.memorial,available,86,28,7,,,
692309ff-ed9d-411f-b922-c634c8dff960,testing.men,premium,86,28,7,,,
a7f30c3b-b77c-4b36-997c-b7f97fe37866,testing.menu,expired,86,28,7,Porkbun,21/11/2024 17:56,21/11/2025 17:56
12e7b5b8-a549-43f6-8648-245f23803720,testing.miami,available,86,28,7,,,
a3577ea3-9078-40ca-a71e-10b2f2614df3,testing.mobi,resell,86,28,7,"GoDaddy.com, LLC",02/12/2013 03:27,02/12/2026 03:27
1e6c92ca-8c6b-47a0-bd7d-d9a3d953c29e,testing.moda,available,86,28,7,,,
75f859b6-569f-4214-b4be-0a0dd55c52f1,testing.moe,available,86,28,7,,,
6ba5e8b7-3279-4846-ac59-3aae138dd0eb,testing.money,available,86,28,7,,,
5c911a2a-dc9a-4e4b-9485-426fd614fbef,testing.monster,expiring,86,28,7,"NameSilo, LLC",11/12/2020 12:08,11/12/2025 23:59
bbfbf2d0-9f8f-4428-b6be-084f41f35ca5,testing.mortgage,available,86,28,7,,,
3090cbc9-7247-4ca4-9bcd-f383ebfdbc53,testing.motorcycles,available,86,28,7,,,
f9810e73-f65a-47e7-97f4-423c512f8ace,testing.mov,available,86,28,7,,,
459d3127-7eb5-43ab-b7ec-937af0c49fa3,testing.movie,available,86,28,7,,,
73c2ef26-15b3-4e30-96d3-386e8e93747c,testing.music,available,86,28,7,,,
8e989f03-7b12-49b8-9f62-8287a2d931c1,testing.navy,available,86,28,7,,,
d655a702-ac8a-46e5-ae0f-949263480fd5,testing.net,expiring,86,28,7,"GoDaddy.com, LLC",14/12/2000 11:32,14/12/2025 11:32
be913b2d-b1e0-4f67-b456-e57dfe72c1f9,testing.nexus,available,86,28,7,,,
f7168cc5-7d09-476e-a9a9-71e6f12ed3be,testing.ngo,available,86,28,7,,,
9df47265-1e1f-40c9-b651-96b3c8412906,testing.now,resell,86,28,7,Dynadot Inc,29/01/2025 19:20,29/01/2026 19:20
9a57b2c2-ffd4-43d1-ab2a-b9379d5cf419,testing.observer,available,86,28,7,,,
986985ac-6b87-40e2-8281-0b24ac719bf0,testing.one,available,86,28,7,,,
98dcf76e-9e52-4de2-a88b-bb6400db2c90,testing.ong,available,86,28,7,,,
f7d13d52-fad2-40da-9ef2-73e0965e8b5f,testing.onl,resell,86,28,7,"Key-Systems, LLC",17/07/2018 23:28,17/07/2026 23:28
494fca7a-afa1-4615-b9b0-de1d482ad869,testing.online,premium,86,28,7,,,
9b5116f3-3e65-4980-8907-3166a32e9e49,testing.organic,available,86,28,7,,,
31caeee2-2d41-47cc-b7b4-ef70e45be4a8,testing.osaka,available,86,28,7,,,
3b427e0f-e186-47cc-8eb7-9b41fa5d547b,testing.page,available,86,28,7,,,
14f520a2-7305-4988-832f-97f5bc83cb24,testing.partners,available,86,28,7,,,
20845d80-18c1-4968-aeec-83a17022985f,testing.parts,available,86,28,7,,,
be70f6c5-00c5-4315-b2b9-212a0d0b8347,testing.pet,available,86,28,7,,,
f6baa20c-35ad-4b9d-bbc4-ab4e67da533b,testing.phd,available,86,28,7,,,
a24a532c-6c3e-40e0-aa3f-25ff55aad3b5,testing.photo,available,86,28,7,,,
5f3b6b5c-e07d-431c-9fe6-a64c8823b257,testing.photography,available,86,28,7,,,
3b4a517b-159a-4cd7-9758-f234b42ef271,testing.photos,available,86,28,7,,,
e3e093d9-f0b5-4dc0-9928-44c4b4d76836,testing.pics,resell,86,28,7,Dynadot LLC,14/07/2025 00:05,14/07/2026 23:59
48045574-fa58-4e17-9d05-b79facc9f767,testing.pictures,available,86,28,7,,,
828c56ab-f6a3-4de0-9c5c-a875be59c99c,testing.pink,available,86,28,7,,,
fce60b47-c743-48e8-a903-8bb42c6e392f,testing.pizza,available,86,28,7,,,
1c679a3b-989e-4488-a3c4-11bedb972c6a,testing.plumbing,available,86,28,7,,,
5fb61754-76fe-4736-a90e-294966109d40,testing.poker,available,86,28,7,,,
02120e82-d978-4ea3-9feb-41a5981cbf0c,testing.porn,available,86,28,7,,,
27ddba7a-b724-4e6e-a324-058ac266f9ef,testing.press,available,86,28,7,,,
7a6a9bdc-75b7-4678-b4f9-45ae1c12207b,testing.productions,available,86,28,7,,,
fb2dc04c-0887-4230-9203-06ab731ed216,testing.prof,available,86,28,7,,,
03b799cb-a685-4b71-befd-b9c5a50584d3,testing.promo,available,86,28,7,,,
be9466ce-c732-45f2-ad0d-64e3a81bdf3d,testing.properties,available,86,28,7,,,
8e642f19-60d8-4e5f-9f99-903e3aa7610d,testing.property,available,86,28,7,,,
454717cc-0202-4aa9-99c7-c4fbb124e23c,testing.protection,available,86,28,7,,,
48d7d730-fcf7-4816-b9ec-a6a1519a2335,testing.qpon,available,86,28,7,,,
11cf289b-82e6-4778-99bc-e0544c97f359,testing.quest,resell,86,28,7,"Spaceship, Inc.",12/07/2025 16:13,12/07/2026 23:59
1f034940-81ad-435a-8c46-6287854d7296,testing.racing,available,86,28,7,,,
5fd55066-84d0-45a5-8fb4-5e7b9ef6b16c,testing.realty,available,86,28,7,,,
8f850edc-b1d7-414b-b6d0-02ef7a8a8c53,testing.rehab,available,86,28,7,,,
c21114e5-daa3-40c5-a9d7-be417af6ce4d,testing.reise,available,86,28,7,,,
7a3fd6bb-98b0-434d-b609-5d41e645a91e,testing.reisen,available,86,28,7,,,
d54576c1-b424-45c2-b7b4-7c86299e213a,testing.rent,available,86,28,7,,,
cbf9a026-0efc-4dc5-a156-e1f688377c08,testing.rentals,available,86,28,7,,,
f41f85f1-1fba-4232-b7ab-ab5f723d861f,testing.repair,available,86,28,7,,,
0a8ee04b-0632-40af-9590-76d8e3884567,testing.republican,available,86,28,7,,,
1c814122-adb3-4130-9b91-ef87a0da4780,testing.restaurant,available,86,28,7,,,
caa42ce4-a831-4b4e-bfe3-2d3417e156ab,testing.review,available,86,28,7,,,
2235166f-4829-428a-87e1-fd1f46a7b18a,testing.reviews,available,86,28,7,,,
dffaf6fe-8f48-4a5c-8035-623ed8218919,testing.rich,available,86,28,7,,,
9d3dea59-5cfa-4f47-ae1f-006ec4b7bf7d,testing.rip,available,86,28,7,,,
c195f0c8-5f33-4c78-bed1-1a20f69e5a6c,testing.rsvp,available,86,28,7,,,